Date,Mkt-RF,SMB,HML,RMW,CMA
2015-05-19,-0.09,-0.07,0.23,-0.09,-0.04
2015-05-20,-0.05,0.19,-0.13,-0.13,0.06
2015-05-21,0.23,-0.3,-0.02,0.07,-0.15
2015-05-22,-0.22,-0.13,-0.14,-0.13,-0.07
2015-05-26,-1.01,-0.03,-0.01,-0.12,0.16
2015-05-27,0.93,0.29,-0.35,-0.03,-0.32
2015-05-28,-0.12,0.1,0.13,-0.23,0.09
2015-05-29,-0.58,0.05,0.06,-0.27,-0.02
2015-06-01,0.17,-0.06,-0.22,0.22,-0.37
2015-06-02,-0.02,0.32,0.33,-0.2,0.17
2015-06-03,0.39,0.86,-0.24,-0.12,-0.04
2015-06-04,-0.88,-0.08,-0.01,0.19,-0.03
2015-06-05,0.06,0.83,0.05,-0.52,-0.38
2015-06-08,-0.66,0.06,0.03,0.05,0.05
2015-06-09,0.02,-0.29,0.35,0.13,0.1
2015-06-10,1.2,0.16,0.19,-0.02,0.02
2015-06-11,0.21,-0.09,-0.11,0.16,0.0
2015-06-12,-0.63,0.34,0.13,0.06,0.1
2015-06-15,-0.45,0.15,-0.13,-0.2,-0.25
2015-06-16,0.57,0.1,0.0,0.14,-0.07
2015-06-17,0.16,-0.31,-0.63,0.15,-0.09
2015-06-18,0.99,0.16,-0.43,-0.13,-0.16
2015-06-19,-0.43,0.52,-0.2,0.07,-0.05
2015-06-22,0.63,0.09,-0.06,-0.16,-0.24
2015-06-23,0.12,0.24,0.27,-0.08,0.0
2015-06-24,-0.79,-0.14,0.13,0.18,-0.01
2015-06-25,-0.25,0.33,-0.2,0.18,-0.08
2015-06-26,-0.06,-0.19,0.45,0.32,0.35
2015-06-29,-2.15,-0.41,0.18,0.31,0.1
2015-06-30,0.33,0.3,-0.67,-0.31,-0.63
2015-07-01,0.6,-0.75,-0.06,0.19,0.07
2015-07-02,-0.11,-0.61,-0.04,-0.07,0.0
2015-07-06,-0.37,0.08,-0.55,-0.2,-0.22
2015-07-07,0.53,-0.49,-0.25,0.42,-0.02
2015-07-08,-1.68,-0.04,0.07,0.13,0.12
2015-07-09,0.29,0.18,-0.02,-0.29,-0.24
2015-07-10,1.24,0.18,-0.55,-0.2,-0.07
2015-07-13,1.14,-0.12,-0.42,0.1,-0.31
2015-07-14,0.47,0.11,0.13,-0.33,-0.36
2015-07-15,-0.19,-0.81,-0.08,-0.25,-0.3
2015-07-16,0.78,-0.25,-0.62,-0.25,-0.66
2015-07-17,0.05,-0.68,-0.64,-0.26,-0.93
2015-07-20,-0.01,-0.8,-0.58,0.34,-0.29
2015-07-21,-0.47,0.07,0.29,-0.22,-0.07
2015-07-22,-0.18,0.27,0.19,-0.35,0.11
2015-07-23,-0.6,-0.38,-0.34,-0.05,-0.04
2015-07-24,-1.08,-0.66,-0.02,0.0,-0.02
2015-07-27,-0.74,-0.25,0.08,0.08,0.38
2015-07-28,1.23,-0.33,-0.11,0.06,0.15
2015-07-29,0.74,-0.22,0.52,0.88,0.3
2015-07-30,0.12,0.19,-0.26,0.1,-0.13
2015-07-31,-0.15,0.73,-0.99,0.24,-0.06
2015-08-03,-0.35,-0.33,-0.16,0.07,0.04
2015-08-04,-0.14,0.04,-0.19,-0.03,0.19
2015-08-05,0.36,-0.07,-0.45,0.01,-0.06
2015-08-06,-0.88,-0.37,1.99,0.23,0.74
2015-08-07,-0.36,-0.4,-0.35,0.32,0.18
2015-08-10,1.32,0.19,0.69,0.22,0.04
2015-08-11,-0.98,-0.06,0.43,0.1,0.08
2015-08-12,0.07,-0.19,-0.28,-0.11,-0.16
2015-08-13,-0.14,-0.4,0.01,0.13,-0.09
2015-08-14,0.43,0.13,0.43,-0.09,0.06
2015-08-17,0.6,0.35,-0.87,-0.21,-0.43
2015-08-18,-0.35,-0.61,0.35,0.36,0.1
2015-08-19,-0.85,-0.2,-0.22,-0.13,-0.03
2015-08-20,-2.24,-0.21,0.6,0.59,0.67
2015-08-21,-2.95,1.8,0.14,-0.72,0.84
2015-08-24,-3.9,0.27,-0.43,0.41,0.12
2015-08-25,-1.17,0.57,-0.61,-0.27,-0.64
2015-08-26,3.68,-1.43,-0.38,0.19,-0.69
2015-08-27,2.4,-0.61,0.6,-0.28,-0.24
2015-08-28,0.23,0.98,0.08,-0.16,0.08
2015-08-31,-0.74,0.9,1.42,0.11,0.5
2015-09-01,-2.91,0.26,-0.5,-0.03,0.08
2015-09-02,1.81,-0.32,-0.93,0.21,-0.69
2015-09-03,0.17,-0.17,0.73,0.35,0.75
2015-09-04,-1.39,0.82,-0.58,-0.07,-0.46
2015-09-08,2.52,-0.41,-0.56,-0.06,-0.29
2015-09-09,-1.34,0.17,0.11,0.18,0.01
2015-09-10,0.49,-0.2,-0.31,-0.24,-0.69
2015-09-11,0.44,-0.28,-0.7,-0.06,-0.28
2015-09-14,-0.41,0.03,0.01,-0.04,-0.07
2015-09-15,1.22,-0.15,0.24,0.0,0.08
2015-09-16,0.84,0.06,0.44,0.33,0.22
2015-09-17,-0.17,0.75,-1.49,-0.28,-0.53
2015-09-18,-1.62,0.26,-0.95,-0.42,-0.53
2015-09-21,0.36,-0.83,1.21,0.46,0.21
2015-09-22,-1.29,-0.29,0.14,0.28,0.08
2015-09-23,-0.27,-0.21,-0.15,-0.15,-0.27
2015-09-24,-0.36,0.25,0.56,-0.05,0.04
2015-09-25,-0.22,-1.43,1.87,0.53,0.68
2015-09-28,-2.63,-0.18,1.17,0.62,0.71
2015-09-29,-0.07,-0.59,0.72,0.71,0.65
2015-09-30,1.88,-0.49,-0.48,-0.41,-0.35
2015-10-01,0.13,-0.52,-0.04,-0.15,-0.21
2015-10-02,1.48,0.28,-0.84,-0.1,-0.03
2015-10-05,1.93,0.74,0.77,0.14,0.64
2015-10-06,-0.43,-0.09,1.73,0.35,0.57
2015-10-07,0.94,0.68,-0.24,-0.23,-0.01
2015-10-08,0.84,0.35,0.76,0.54,0.75
2015-10-09,0.12,0.1,-1.08,0.16,-0.16
2015-10-12,0.06,-0.43,-0.07,0.12,-0.1
2015-10-13,-0.74,-0.66,0.69,0.29,0.21
2015-10-14,-0.6,-0.27,-0.03,-0.48,0.36
2015-10-15,1.56,0.59,-0.15,-1.1,-0.5
2015-10-16,0.36,-0.55,-0.35,0.0,0.02
2015-10-19,0.0,0.09,-0.71,0.13,-0.34
2015-10-20,-0.15,0.17,1.21,0.48,0.27
2015-10-21,-0.74,-0.88,-0.18,0.46,0.23
2015-10-22,1.5,-0.76,0.47,0.06,0.56
2015-10-23,1.09,-0.09,-0.59,0.19,-0.84
2015-10-26,-0.2,-0.46,-0.72,0.2,-0.17
2015-10-27,-0.42,-1.06,-0.88,-0.42,-0.5
2015-10-28,1.43,1.5,0.64,-0.68,-0.24
2015-10-29,-0.2,-0.89,0.1,0.41,-0.2
2015-10-30,-0.41,0.21,-0.55,0.35,0.08
2015-11-02,1.25,0.9,-0.02,-0.49,-0.05
2015-11-03,0.32,0.47,0.22,0.03,-0.09
2015-11-04,-0.26,0.18,-0.33,-0.61,-0.68
2015-11-05,-0.08,0.04,0.46,0.04,0.14
2015-11-06,0.14,0.85,0.28,-0.54,-0.2
2015-11-09,-0.95,-0.26,-0.04,-0.65,-0.01
2015-11-10,0.13,0.01,0.27,-0.11,0.21
2015-11-11,-0.43,-0.57,-0.18,-0.13,0.06
2015-11-12,-1.45,-0.56,-0.45,0.17,-0.28
2015-11-13,-1.06,0.32,0.39,-0.61,0.42
2015-11-16,1.39,-0.53,0.45,0.18,-0.15
2015-11-17,-0.11,-0.24,-0.66,0.02,-0.17
2015-11-18,1.61,-0.02,-0.09,-0.09,-0.4
2015-11-19,-0.13,-0.28,-0.11,0.16,0.14
2015-11-20,0.35,0.4,-0.42,0.29,0.01
2015-11-23,-0.01,0.61,-0.35,0.12,-0.17
2015-11-24,0.21,0.75,0.26,0.24,0.1
2015-11-25,0.09,0.84,-0.55,-0.08,-0.1
2015-11-27,0.09,0.19,-0.29,-0.18,0.07
2015-11-30,-0.47,0.2,0.69,-0.24,0.09
2015-12-01,0.97,-0.64,0.24,-0.09,-0.14
2015-12-02,-1.01,0.19,-0.7,0.02,-0.15
2015-12-03,-1.5,-0.2,0.43,0.33,0.17
2015-12-04,1.86,-1.06,-0.52,0.12,-0.33
2015-12-07,-0.84,-0.87,-0.66,0.68,0.18
2015-12-08,-0.59,0.27,-1.23,-0.15,-0.77
2015-12-09,-0.83,-0.21,0.42,0.47,0.63
2015-12-10,0.3,0.08,-0.22,0.11,-0.16
2015-12-11,-2.03,-0.2,-0.06,0.18,0.34
2015-12-14,0.29,-1.12,-0.19,0.14,-0.33
2015-12-15,1.1,0.2,0.77,-0.83,0.13
2015-12-16,1.47,0.01,-0.64,-0.11,-0.17
2015-12-17,-1.46,0.31,-0.31,-0.23,-0.06
2015-12-18,-1.7,0.7,-0.39,-0.29,0.19
2015-12-21,0.74,-0.18,-0.06,-0.14,0.04
2015-12-22,0.89,0.02,0.51,0.2,0.5
2015-12-23,1.3,0.23,0.58,-0.01,0.14
2015-12-24,-0.11,0.27,-0.03,-0.21,0.08
2015-12-28,-0.29,-0.54,-0.38,0.08,-0.07
2015-12-29,1.05,0.03,-0.31,0.03,-0.33
2015-12-30,-0.74,-0.17,-0.13,0.04,0.15
2015-12-31,-0.92,-0.21,0.25,-0.12,0.1
2016-01-04,-1.59,-0.73,0.53,0.35,0.42
2016-01-05,0.12,-0.25,0.01,0.03,0.35
2016-01-06,-1.35,-0.21,-0.01,0.15,0.04
2016-01-07,-2.44,-0.27,0.08,0.48,0.43
2016-01-08,-1.11,-0.52,-0.03,0.21,0.04
2016-01-11,-0.06,-0.62,0.34,0.65,0.43
2016-01-12,0.71,-0.45,-0.78,-0.03,-0.31
2016-01-13,-2.67,-0.56,0.78,0.37,0.68
2016-01-14,1.65,-0.08,-0.4,-0.62,-0.47
2016-01-15,-2.14,0.41,-0.21,0.32,0.33
2016-01-19,-0.2,-1.38,-0.07,0.3,0.26
2016-01-20,-0.94,1.68,-1.24,0.18,-0.55
2016-01-21,0.45,-0.46,0.01,0.47,0.6
2016-01-22,2.08,0.13,-0.19,-0.46,-0.76
2016-01-25,-1.71,-0.51,-0.99,0.3,-0.01
2016-01-26,1.52,0.58,1.22,0.58,0.72
2016-01-27,-1.11,-0.37,1.71,-0.24,1.06
2016-01-28,0.49,-0.58,1.26,-0.25,-0.5
2016-01-29,2.57,0.58,0.37,0.0,0.45
2016-02-01,-0.04,-0.32,-0.95,0.08,-0.41
2016-02-02,-2.0,-0.13,-0.35,0.29,0.4
2016-02-03,0.46,-0.21,0.45,0.42,0.37
2016-02-04,0.27,0.37,0.33,0.2,0.1
2016-02-05,-2.06,-0.72,1.75,1.07,1.44
2016-02-08,-1.51,0.11,0.89,1.63,0.97
2016-02-09,-0.1,-0.56,-0.28,-0.06,0.03
2016-02-10,0.01,-0.22,-0.55,-0.28,-0.79
2016-02-11,-1.17,0.28,-1.48,0.32,-0.4
2016-02-12,1.98,-0.28,1.14,-0.39,0.3
2016-02-16,1.78,0.54,-0.56,0.03,-0.27
2016-02-17,1.75,-0.15,-0.64,-0.38,-0.48
2016-02-18,-0.51,-0.01,0.21,0.34,0.53
2016-02-19,0.06,0.29,-0.62,-0.64,-0.41
2016-02-22,1.43,-0.18,0.24,0.25,-0.21
2016-02-23,-1.22,0.38,-0.52,0.77,0.5
2016-02-24,0.53,0.64,-0.33,0.01,0.11
2016-02-25,1.1,-0.45,0.22,-0.1,-0.25
2016-02-26,-0.01,0.87,0.26,-0.53,0.02
2016-02-29,-0.69,0.7,0.26,0.13,0.43
2016-03-01,2.34,-0.64,0.3,-0.5,-0.54
2016-03-02,0.54,0.59,0.7,-0.7,-0.08
2016-03-03,0.51,0.56,0.65,0.31,0.4
2016-03-04,0.37,0.33,0.29,0.1,0.03
2016-03-07,0.21,1.32,0.55,-0.39,0.44
2016-03-08,-1.27,-1.26,-0.49,0.62,0.14
2016-03-09,0.5,0.11,0.38,0.18,0.11
2016-03-10,-0.11,-0.74,0.63,0.31,0.18
2016-03-11,1.69,0.29,0.19,-0.4,-0.32
2016-03-14,-0.12,-0.14,-0.87,0.01,-0.23
2016-03-15,-0.36,-1.42,0.67,0.46,0.07
2016-03-16,0.63,0.11,-0.04,0.56,-0.04
2016-03-17,0.72,0.97,0.59,0.15,0.67
2016-03-18,0.54,0.41,-0.19,-0.26,0.19
2016-03-21,0.1,-0.27,-0.31,-0.08,-0.35
2016-03-22,-0.05,-0.08,-0.44,-0.3,-0.26
2016-03-23,-0.86,-1.2,-0.09,0.61,0.01
2016-03-24,0.0,0.42,-0.05,0.05,-0.01
2016-03-28,0.04,-0.04,0.14,-0.04,0.25
2016-03-29,1.07,1.64,-1.18,0.19,-0.57
2016-03-30,0.41,-0.27,0.15,-0.06,0.01
2016-03-31,-0.11,0.41,-0.48,-0.12,-0.11
2016-04-01,0.64,-0.34,-0.62,-0.36,-0.14
2016-04-04,-0.41,-0.33,-0.74,-0.25,-0.23
2016-04-05,-0.94,-0.18,-0.36,0.06,0.18
2016-04-06,1.14,0.05,-0.82,-0.47,-0.63
2016-04-07,-1.23,-0.09,-0.35,-0.01,0.22
2016-04-08,0.29,0.12,0.69,0.36,0.28
2016-04-11,-0.28,0.01,0.95,-0.01,0.29
2016-04-12,0.99,0.01,0.85,0.04,-0.15
2016-04-13,1.23,0.95,0.35,-0.46,-0.35
2016-04-14,0.03,-0.26,0.18,-0.36,-0.11
2016-04-15,-0.04,0.31,-0.32,0.22,0.17
2016-04-18,0.65,0.13,-0.19,-0.16,-0.04
2016-04-19,0.29,-0.17,1.49,-0.24,0.37
2016-04-20,0.15,-0.01,0.53,-0.31,-0.12
2016-04-21,-0.47,-0.01,-0.59,-0.61,-0.34
2016-04-22,0.12,1.03,0.49,-0.09,0.96
2016-04-25,-0.24,-0.65,-0.18,0.07,-0.16
2016-04-26,0.29,0.82,0.78,0.33,0.61
2016-04-27,0.21,0.23,0.68,-0.19,0.79
2016-04-28,-0.96,-0.2,0.05,-0.48,0.56
2016-04-29,-0.5,-0.2,0.38,0.06,-0.24
2016-05-02,0.78,-0.04,-0.36,0.0,-0.09
2016-05-03,-1.05,-0.73,-0.5,0.54,0.03
2016-05-04,-0.66,-0.16,0.06,0.45,0.29
2016-05-05,-0.08,-0.53,0.09,0.1,0.02
2016-05-06,0.38,0.08,0.24,0.17,0.25
2016-05-09,0.05,0.19,-1.49,0.1,-0.5
2016-05-10,1.26,-0.38,0.47,-0.11,0.05
2016-05-11,-0.89,-0.33,0.78,-0.44,0.0
2016-05-12,-0.11,-0.59,0.14,0.38,0.12
2016-05-13,-0.82,0.28,-0.66,-0.55,-0.17
2016-05-16,0.99,0.2,-0.24,-0.05,-0.31
2016-05-17,-0.95,-0.68,0.61,-0.12,-0.1
2016-05-18,0.1,0.14,0.83,-1.34,-0.65
2016-05-19,-0.33,-0.31,-0.3,0.39,-0.01
2016-05-20,0.75,0.84,-0.3,-0.39,-0.38
2016-05-23,-0.18,0.24,-0.32,-0.21,0.08
2016-05-24,1.43,0.61,-0.34,-0.1,-0.39
2016-05-25,0.72,-0.13,0.57,0.21,-0.1
2016-05-26,-0.04,-0.16,-0.51,0.17,-0.22
2016-05-27,0.49,0.36,-0.22,-0.06,-0.09
2016-05-31,-0.01,0.45,-0.36,-0.17,-0.33
2016-06-01,0.2,0.64,-0.25,-0.26,0.08
2016-06-02,0.35,0.25,-0.59,-0.24,-0.08
2016-06-03,-0.38,-0.18,-0.1,0.53,0.14
2016-06-06,0.6,0.71,0.32,-0.19,-0.11
2016-06-07,0.12,0.23,0.11,0.34,0.22
2016-06-08,0.37,0.43,-0.11,0.05,-0.1
2016-06-09,-0.27,-0.43,-0.21,0.31,0.13
2016-06-10,-1.05,-0.38,-0.17,0.16,0.6
2016-06-13,-0.84,-0.37,0.1,-0.24,-0.04
2016-06-14,-0.19,0.14,-0.71,0.27,0.03
2016-06-15,-0.11,0.26,-0.06,-0.05,0.05
2016-06-16,0.24,-0.31,-0.4,0.28,0.35
2016-06-17,-0.3,0.07,0.94,0.4,0.62
2016-06-20,0.71,0.59,-0.01,-0.16,0.12
2016-06-21,0.21,-0.61,0.5,-0.2,0.0
2016-06-22,-0.2,-0.3,0.08,0.05,0.0
2016-06-23,1.45,0.54,0.43,-0.55,-0.2
2016-06-24,-3.7,0.02,-1.13,0.93,0.1
2016-06-27,-2.07,-1.06,-0.67,0.52,0.43
2016-06-28,1.76,-0.38,0.14,-0.61,-0.59
2016-06-29,1.8,0.31,-0.07,-0.11,-0.24
2016-06-30,1.42,0.38,0.45,-0.13,0.38
2016-07-01,0.24,0.47,-0.41,-0.13,0.23
2016-07-05,-0.85,-0.82,-1.36,0.57,-0.68
2016-07-06,0.62,0.17,-0.13,-0.11,-0.15
2016-07-07,0.02,0.34,-0.2,0.21,-0.29
2016-07-08,1.6,0.94,0.35,0.07,0.27
2016-07-11,0.43,0.69,0.25,0.3,-0.08
2016-07-12,0.75,0.73,1.0,-0.63,0.64
2016-07-13,-0.05,-0.46,0.51,0.54,0.0
2016-07-14,0.51,-0.42,0.45,-0.04,0.0
2016-07-15,-0.05,0.29,0.01,-0.3,0.0
2016-07-18,0.25,0.01,-0.12,0.09,-0.23
2016-07-19,-0.22,-0.62,0.05,0.47,-0.23
2016-07-20,0.48,0.39,-0.87,-0.03,-0.35
2016-07-21,-0.38,-0.08,-0.01,0.0,0.03
2016-07-22,0.48,0.28,-0.08,0.41,-0.25
2016-07-25,-0.27,-0.01,-0.24,0.51,-0.39
2016-07-26,0.13,0.61,0.54,-0.44,0.73
2016-07-27,-0.14,0.52,-0.42,-0.12,-0.56
2016-07-28,0.18,-0.45,-0.34,-0.06,-0.14
2016-07-29,0.17,-0.03,0.04,0.0,0.32
2016-08-01,-0.16,0.07,-0.87,0.69,-0.73
2016-08-02,-0.7,-0.63,0.17,-0.54,0.15
2016-08-03,0.45,0.57,0.83,-0.71,0.15
2016-08-04,0.05,0.07,-0.33,0.14,0.07
2016-08-05,0.93,0.56,0.87,-0.5,-0.36
2016-08-08,-0.06,0.1,0.57,0.0,0.43
2016-08-09,0.05,-0.05,-0.31,-0.13,-0.21
2016-08-10,-0.29,-0.45,-0.13,0.71,0.01
2016-08-11,0.54,0.15,0.04,-0.3,0.16
2016-08-12,-0.06,0.12,-0.18,-0.19,-0.28
2016-08-15,0.39,0.79,0.39,-0.27,0.35
2016-08-16,-0.57,-0.19,0.61,-0.1,0.3
2016-08-17,0.12,-0.49,0.25,0.08,0.07
2016-08-18,0.32,0.47,0.37,-0.54,0.33
2016-08-19,-0.11,0.1,-0.12,0.29,-0.15
2016-08-22,-0.02,0.22,-0.41,0.02,-0.36
2016-08-23,0.27,0.55,-0.01,0.03,0.06
2016-08-24,-0.56,-0.44,0.4,0.38,-0.07
2016-08-25,-0.08,0.22,0.48,-0.18,0.29
2016-08-26,-0.15,0.12,-0.13,-0.36,-0.19
2016-08-29,0.53,0.01,0.35,-0.1,0.21
2016-08-30,-0.14,0.21,0.31,-0.05,-0.3
2016-08-31,-0.24,-0.34,0.13,0.27,-0.35
2016-09-01,0.03,0.06,-0.49,0.15,-0.13
2016-09-02,0.53,0.42,0.36,-0.16,0.19
2016-09-06,0.26,0.0,-0.53,-0.71,-0.03
2016-09-07,0.09,0.6,0.03,-0.1,-0.24
2016-09-08,-0.18,0.03,0.57,-0.9,0.41
2016-09-09,-2.47,-0.55,0.31,0.08,-0.43
2016-09-12,1.44,-0.04,-0.47,-0.07,-0.19
2016-09-13,-1.48,-0.32,-0.47,0.63,-0.76
2016-09-14,-0.08,0.05,-0.83,0.14,-0.5
2016-09-15,1.07,0.3,-0.33,0.08,-0.22
2016-09-16,-0.36,0.29,-0.45,0.17,-0.21
2016-09-19,0.05,0.49,0.17,-0.04,0.35
2016-09-20,-0.02,-0.32,-0.51,-0.44,-0.11
2016-09-21,1.12,0.2,0.33,-0.37,0.51
2016-09-22,0.7,0.8,-0.06,0.04,0.14
2016-09-23,-0.6,-0.06,-0.19,0.51,-0.49
2016-09-26,-0.88,-0.29,-0.35,-0.19,0.19
2016-09-27,0.64,-0.13,-0.53,0.04,-0.4
2016-09-28,0.56,0.21,1.1,-1.19,1.12
2016-09-29,-0.98,-0.39,0.54,0.25,0.67
2016-09-30,0.88,0.42,0.35,-0.2,0.1
2016-10-03,-0.26,-0.04,-0.13,-0.02,0.14
2016-10-04,-0.46,0.05,0.09,0.17,-0.3
2016-10-05,0.58,0.4,0.78,-0.46,0.44
2016-10-06,-0.06,-0.22,0.37,0.42,0.23
2016-10-07,-0.38,-0.53,0.16,-0.21,-0.38
2016-10-10,0.52,0.55,0.01,-0.63,-0.21
2016-10-11,-1.3,-0.56,0.49,0.34,0.09
2016-10-12,0.06,-0.2,0.37,0.73,0.15
2016-10-13,-0.42,-0.74,-0.63,0.29,-0.13
2016-10-14,0.01,-0.33,0.57,0.11,0.09
2016-10-17,-0.29,-0.03,0.14,0.09,0.14
2016-10-18,0.6,-0.16,0.03,-0.32,-0.29
2016-10-19,0.25,0.12,0.91,-0.13,0.46
2016-10-20,-0.16,-0.05,-0.11,-0.48,-0.04
2016-10-21,0.02,-0.18,-0.31,0.19,-0.17
2016-10-24,0.54,0.07,-0.17,0.6,-0.49
2016-10-25,-0.46,-0.6,0.23,0.05,0.0
2016-10-26,-0.23,-0.74,0.74,0.09,0.55
2016-10-27,-0.33,-0.95,0.6,-0.09,-0.03
2016-10-28,-0.29,-0.11,0.11,-0.05,0.33
2016-10-31,0.02,0.08,0.13,0.6,-0.31
2016-11-01,-0.68,-0.36,0.18,-0.54,-0.07
2016-11-02,-0.73,-0.58,0.36,0.95,0.15
2016-11-03,-0.4,-0.38,1.02,0.12,0.79
2016-11-04,-0.12,0.84,-0.43,-0.09,-0.06
2016-11-07,2.23,0.18,-0.16,-0.27,-0.17
2016-11-08,0.4,-0.11,-0.2,-0.05,0.3
2016-11-09,1.46,2.07,1.0,-0.72,0.74
2016-11-10,0.32,1.45,1.81,-0.14,0.39
2016-11-11,0.18,2.51,-0.04,0.16,-0.33
2016-11-14,0.21,0.87,1.43,-0.12,0.35
2016-11-15,0.8,-0.56,0.14,-0.64,0.17
2016-11-16,-0.12,0.23,-0.55,0.83,-0.17
2016-11-17,0.56,0.16,-0.13,0.26,-0.46
2016-11-18,-0.16,0.57,0.39,-0.21,0.09
2016-11-21,0.77,-0.27,0.08,-0.14,0.3
2016-11-22,0.31,0.62,0.58,0.82,0.31
2016-11-23,0.16,0.57,0.19,-0.3,0.18
2016-11-25,0.4,-0.07,-0.24,0.23,-0.15
2016-11-28,-0.64,-0.77,0.06,0.65,-0.35
2016-11-29,0.11,-0.39,-0.06,0.54,-0.5
2016-11-30,-0.25,-0.19,2.25,-1.63,1.96
2016-12-01,-0.36,-0.4,2.05,0.28,0.62
2016-12-02,0.0,-0.01,-0.32,-0.09,0.07
2016-12-05,0.75,1.12,0.29,-0.25,-0.17
2016-12-06,0.48,0.65,0.23,-0.14,-0.1
2016-12-07,1.26,-0.5,0.53,0.88,-0.01
2016-12-08,0.36,1.24,0.59,-0.26,-0.1
2016-12-09,0.46,-0.36,0.12,-0.06,-0.06
2016-12-12,-0.3,-0.96,-0.1,-0.01,0.05
2016-12-13,0.6,-0.57,-0.29,0.01,-0.17
2016-12-14,-0.82,-0.37,-0.28,0.53,-0.51
2016-12-15,0.46,0.44,0.28,0.03,0.05
2016-12-16,-0.22,-0.03,-0.42,-0.27,0.01
2016-12-19,0.22,0.34,0.08,0.29,0.02
2016-12-20,0.44,0.5,0.68,0.12,0.09
2016-12-21,-0.24,-0.35,0.24,0.12,0.06
2016-12-22,-0.3,-0.77,0.24,-0.25,0.06
2016-12-23,0.19,0.52,-0.51,-0.36,-0.14
2016-12-27,0.27,0.23,0.13,0.16,0.03
2016-12-28,-0.87,-0.3,0.09,0.14,-0.17
2016-12-29,-0.04,0.09,-0.31,0.25,0.04
2016-12-30,-0.52,-0.05,0.21,-0.14,0.06
2017-01-03,0.83,-0.09,0.08,-0.25,0.27
2017-01-04,0.79,0.97,-0.15,-0.4,-0.03
2017-01-05,-0.21,-1.0,-0.8,-0.15,-0.08
2017-01-06,0.29,-0.71,-0.31,-0.29,-0.29
2017-01-09,-0.37,-0.31,-1.04,0.2,-0.52
2017-01-10,0.16,1.01,0.56,-0.03,0.07
2017-01-11,0.31,-0.23,0.53,0.16,0.27
2017-01-12,-0.3,-0.65,-0.88,0.06,-0.29
2017-01-13,0.29,0.61,-0.08,-0.27,-0.15
2017-01-17,-0.49,-0.98,-0.59,0.44,0.41
2017-01-18,0.24,0.21,0.23,0.01,-0.09
2017-01-19,-0.38,-0.54,-0.03,-0.04,-0.03
2017-01-20,0.33,0.07,0.18,0.12,-0.01
2017-01-23,-0.29,-0.06,-0.3,0.44,-0.37
2017-01-24,0.83,0.78,0.8,-0.14,0.51
2017-01-25,0.84,0.2,0.35,-0.15,-0.14
2017-01-26,-0.1,-0.58,0.38,-0.09,-0.17
2017-01-27,-0.12,-0.03,-0.66,0.1,0.06
2017-01-30,-0.68,-0.72,-0.42,0.65,-0.15
2017-01-31,0.0,0.83,-0.55,-0.39,-0.21
2017-02-01,0.04,-0.05,0.03,0.26,-0.24
2017-02-02,-0.02,-0.33,-0.31,-0.35,0.2
2017-02-03,0.82,0.65,0.64,-0.49,0.36
2017-02-06,-0.27,-0.61,-0.2,0.04,-0.21
2017-02-07,-0.01,-0.37,-0.52,0.44,-0.23
2017-02-08,0.06,-0.28,-0.53,0.34,-0.1
2017-02-09,0.72,0.72,0.03,-0.27,0.04
2017-02-10,0.38,0.39,0.12,-0.02,0.15
2017-02-13,0.49,-0.27,0.33,0.06,0.05
2017-02-14,0.45,-0.16,0.33,-0.41,-0.07
2017-02-15,0.54,0.13,-0.44,0.21,-0.08
2017-02-16,-0.16,-0.2,-0.04,0.36,-0.22
2017-02-17,0.2,-0.07,-0.57,0.1,-0.38
2017-02-21,0.6,0.04,0.13,0.32,0.34
2017-02-22,-0.15,-0.37,0.11,0.55,-0.34
2017-02-23,-0.11,-0.72,0.26,-0.29,-0.45
2017-02-24,0.15,-0.08,-0.92,0.35,-0.21
2017-02-27,0.22,0.84,-0.34,-0.38,-0.11
2017-02-28,-0.42,-1.34,0.2,-0.03,-0.16
2017-03-01,1.47,0.54,0.72,-0.4,0.55
2017-03-02,-0.7,-0.56,-0.89,0.57,-0.47
2017-03-03,0.09,-0.17,0.15,-0.02,-0.08
2017-03-06,-0.38,-0.41,-0.1,-0.06,0.0
2017-03-07,-0.36,-0.35,-0.05,0.12,-0.24
2017-03-08,-0.19,-0.17,-0.82,0.53,-0.72
2017-03-09,0.04,-0.52,-0.28,-0.6,-0.16
2017-03-10,0.34,0.05,-0.39,0.27,0.02
2017-03-13,0.13,0.33,-0.02,-0.11,0.05
2017-03-14,-0.36,-0.22,0.02,0.51,-0.24
2017-03-15,0.86,0.71,-0.41,-0.16,0.55
2017-03-16,-0.06,0.44,0.24,-0.08,-0.37
2017-03-17,-0.08,0.56,-0.26,0.19,-0.03
2017-03-20,-0.25,-0.16,-0.75,-0.18,-0.04
2017-03-21,-1.48,-1.41,-0.69,0.77,0.29
2017-03-22,0.16,-0.33,-0.54,0.18,-0.12
2017-03-23,-0.03,0.74,0.46,-0.01,0.19
2017-03-24,-0.05,0.11,-0.24,-0.28,-0.32
2017-03-27,-0.05,0.47,-0.52,-0.23,-0.28
2017-03-28,0.72,-0.06,0.71,0.01,0.38
2017-03-29,0.18,0.32,-0.07,-0.34,0.13
2017-03-30,0.36,0.4,0.93,-0.12,-0.14
2017-03-31,-0.16,0.55,-0.3,0.1,0.08
2017-04-03,-0.28,-1.15,-0.11,-0.17,-0.08
2017-04-04,0.05,-0.24,0.31,-0.12,0.16
2017-04-05,-0.44,-0.83,-0.3,0.4,-0.08
2017-04-06,0.32,0.75,0.49,-0.13,0.36
2017-04-07,-0.08,0.08,-0.26,0.03,-0.03
2017-04-10,0.08,0.15,0.1,0.17,0.48
2017-04-11,-0.05,0.8,0.25,0.2,0.19
2017-04-12,-0.49,-0.94,-0.52,-0.08,-0.54
2017-04-13,-0.75,-0.33,-0.79,0.03,-0.35
2017-04-17,0.89,0.29,0.22,0.09,-0.14
2017-04-18,-0.25,0.3,-0.16,0.34,0.11
2017-04-19,-0.08,0.56,-0.38,0.45,-0.84
2017-04-20,0.83,0.58,0.27,0.3,-0.19
2017-04-21,-0.28,0.05,-0.13,0.35,-0.21
2017-04-24,1.18,0.27,0.52,-0.01,0.14
2017-04-25,0.66,0.39,-0.05,-0.38,0.29
2017-04-26,0.04,0.75,0.32,0.23,0.01
2017-04-27,0.05,-0.21,-0.96,0.23,-0.59
2017-04-28,-0.3,-0.74,-0.59,0.02,-0.21
2017-05-01,0.21,0.25,-0.13,-0.16,-0.51
2017-05-02,0.03,-0.46,-0.21,0.43,-0.34
2017-05-03,-0.19,-0.52,0.2,-0.04,0.11
2017-05-04,0.02,-0.11,-0.35,0.47,-0.71
2017-05-05,0.46,0.09,0.04,-0.27,0.64
2017-05-08,-0.04,-0.23,0.29,0.01,0.02
2017-05-09,-0.05,0.39,-0.79,0.38,-0.36
2017-05-10,0.21,0.25,0.01,-0.33,0.35
2017-05-11,-0.26,-0.4,-0.14,-0.33,-0.02
2017-05-12,-0.18,-0.38,-0.62,-0.27,-0.33
2017-05-15,0.53,0.26,0.19,-0.33,0.03
2017-05-16,-0.03,0.11,-0.09,-0.22,-0.14
2017-05-17,-1.97,-0.98,-0.53,0.51,0.3
2017-05-18,0.4,-0.01,-0.4,-0.32,-0.6
2017-05-19,0.7,-0.32,0.41,-0.09,0.77
2017-05-22,0.56,0.25,-0.31,0.03,-0.33
2017-05-23,0.18,-0.01,0.61,-0.24,0.09
2017-05-24,0.24,-0.22,-0.49,0.18,-0.31
2017-05-25,0.42,-0.35,-0.77,0.67,-0.62
2017-05-26,0.06,-0.02,0.09,0.2,0.15
2017-05-30,-0.19,-0.54,-0.32,0.67,-0.01
2017-05-31,-0.02,-0.05,-0.56,0.32,-0.08
2017-06-01,0.95,1.0,0.04,-0.22,0.04
2017-06-02,0.35,0.41,-0.8,0.3,-0.49
2017-06-05,-0.17,-0.46,0.0,-0.2,0.02
2017-06-06,-0.28,0.1,-0.07,-0.57,0.35
2017-06-07,0.15,-0.13,0.02,0.56,-0.68
2017-06-08,0.18,1.2,0.92,-0.68,-0.03
2017-06-09,-0.12,0.28,2.39,-0.22,1.12
2017-06-12,-0.11,-0.19,0.35,0.01,0.61
2017-06-13,0.55,0.06,-0.14,-0.28,-0.09
2017-06-14,-0.17,-0.54,-0.55,0.18,-0.51
2017-06-15,-0.3,-0.3,-0.12,0.04,-0.07
2017-06-16,-0.03,-0.25,-0.18,-0.55,0.14
2017-06-19,0.86,0.11,-0.75,0.01,-0.08
2017-06-20,-0.73,-0.44,-0.51,-0.2,-0.25
2017-06-21,-0.07,-0.22,-1.69,-0.12,-1.15
2017-06-22,0.02,0.46,-0.42,-0.1,-0.05
2017-06-23,0.24,0.74,-0.5,-0.39,0.04
2017-06-26,0.04,0.07,0.69,0.25,0.19
2017-06-27,-0.85,-0.21,1.33,0.35,0.33
2017-06-28,1.02,0.8,0.21,-0.14,-0.08
2017-06-29,-0.83,0.08,1.38,-0.24,0.35
2017-06-30,0.14,-0.1,-0.24,0.21,0.29
2017-07-03,0.24,0.46,1.21,-0.53,0.65
2017-07-05,0.12,-0.71,-0.57,0.14,-0.69
2017-07-06,-0.95,-0.45,0.12,0.21,-0.03
2017-07-07,0.7,0.4,-0.41,0.22,-0.52
2017-07-10,0.05,-0.44,-0.09,-0.12,-0.11
2017-07-11,0.0,0.31,-0.53,-0.31,0.15
2017-07-12,0.72,0.06,-0.53,0.11,-0.23
2017-07-13,0.17,-0.01,0.36,0.03,0.2
2017-07-14,0.42,-0.22,-0.51,0.18,0.03
2017-07-17,0.0,0.22,0.13,0.19,0.07
2017-07-18,0.04,-0.38,-0.33,-0.1,-0.41
2017-07-19,0.59,0.48,0.03,-0.24,0.13
2017-07-20,-0.01,0.05,-0.01,0.1,-0.23
2017-07-21,-0.08,-0.44,-0.28,0.04,-0.28
2017-07-24,-0.03,0.12,-0.2,-0.2,-0.38
2017-07-25,0.38,0.44,0.92,-0.18,0.7
2017-07-26,-0.06,-0.46,-0.7,-0.18,0.04
2017-07-27,-0.14,-0.64,0.45,0.25,0.42
2017-07-28,-0.17,-0.08,0.24,-0.2,0.18
2017-07-31,-0.11,-0.26,0.44,-0.12,0.15
2017-08-01,0.24,-0.18,0.18,0.24,-0.48
2017-08-02,-0.08,-1.15,0.15,0.08,-0.35
2017-08-03,-0.21,-0.34,-0.29,0.3,-0.27
2017-08-04,0.25,0.34,0.36,-0.15,0.03
2017-08-07,0.16,-0.1,-0.61,0.29,-0.37
2017-08-08,-0.24,-0.1,0.21,-0.32,-0.14
2017-08-09,-0.14,-0.8,-0.1,0.1,0.04
2017-08-10,-1.49,-0.31,0.26,0.25,0.13
2017-08-11,0.2,0.17,-0.88,0.38,-0.12
2017-08-14,1.03,0.28,0.06,0.0,-0.45
2017-08-15,-0.11,-0.86,-0.04,-0.15,-0.25
2017-08-16,0.18,-0.15,-0.45,0.32,-0.13
2017-08-17,-1.59,-0.16,-0.15,-0.03,0.13
2017-08-18,-0.15,0.14,0.21,-0.27,-0.01
2017-08-21,0.06,-0.29,-0.22,0.17,-0.09
2017-08-22,1.06,-0.02,-0.25,-0.2,0.11
2017-08-23,-0.32,0.14,0.4,-0.48,0.09
2017-08-24,-0.14,0.58,0.18,-0.47,0.09
2017-08-25,0.18,0.18,0.58,0.16,0.26
2017-08-28,0.08,0.32,-0.74,0.21,-0.19
2017-08-29,0.1,0.09,-0.39,0.03,0.1
2017-08-30,0.53,0.01,-0.32,0.1,-0.46
2017-08-31,0.62,0.39,-0.42,-0.29,-0.1
2017-09-01,0.27,0.44,0.44,-0.06,0.35
2017-09-05,-0.81,-0.01,-0.95,-0.07,0.54
2017-09-06,0.28,-0.02,0.13,-0.32,0.09
2017-09-07,-0.07,0.02,-0.93,0.01,0.08
2017-09-08,-0.16,0.12,0.36,0.25,-0.14
2017-09-11,1.08,-0.08,0.63,-0.33,-0.11
2017-09-12,0.43,0.35,0.71,0.11,0.18
2017-09-13,0.11,0.31,0.36,-0.33,0.09
2017-09-14,-0.12,-0.05,-0.07,-0.32,0.23
2017-09-15,0.19,0.24,0.12,0.3,0.0
2017-09-18,0.24,0.41,0.2,-0.47,0.21
2017-09-19,0.15,-0.21,0.35,0.02,0.07
2017-09-20,0.16,0.29,0.52,-0.18,0.31
2017-09-21,-0.28,0.17,0.37,-0.02,-0.08
2017-09-22,0.12,0.43,0.12,0.36,0.28
2017-09-25,-0.25,0.35,0.63,-0.26,0.65
2017-09-26,0.05,0.45,0.13,0.59,-0.12
2017-09-27,0.63,1.41,0.17,-0.25,-0.53
2017-09-28,0.13,0.15,-0.07,-0.11,-0.2
2017-09-29,0.35,-0.12,-0.28,-0.06,-0.35
2017-10-02,0.5,0.87,0.16,-0.19,0.26
2017-10-03,0.26,-0.03,-0.02,-0.04,-0.1
2017-10-04,0.05,-0.35,-0.45,-0.11,0.0
2017-10-05,0.55,-0.31,0.35,-0.28,-0.17
2017-10-06,-0.08,-0.1,-0.25,0.18,-0.36
2017-10-09,-0.22,-0.3,-0.05,0.1,-0.18
2017-10-10,0.24,0.01,0.41,0.09,0.08
2017-10-11,0.16,-0.26,-0.22,-0.1,-0.07
2017-10-12,-0.18,-0.1,-0.51,0.18,0.11
2017-10-13,0.04,-0.27,0.11,0.19,-0.01
2017-10-16,0.17,-0.27,0.37,0.0,-0.08
2017-10-17,0.01,-0.34,-0.27,0.35,-0.18
2017-10-18,0.14,0.35,0.21,0.36,-0.14
2017-10-19,0.02,-0.34,0.17,0.12,0.04
2017-10-20,0.57,0.02,0.28,0.12,0.04
2017-10-23,-0.45,-0.38,0.12,0.27,-0.25
2017-10-24,0.2,-0.1,0.47,0.02,-0.15
2017-10-25,-0.51,0.01,0.11,0.23,-0.42
2017-10-26,0.2,0.07,0.23,0.19,-0.16
2017-10-27,0.82,-0.08,-1.02,0.14,-1.32
2017-10-30,-0.46,-0.76,-0.06,-0.58,-0.43
2017-10-31,0.23,0.75,-0.22,-0.17,0.22
2017-11-01,0.05,-0.8,0.15,-0.09,-0.07
2017-11-02,0.06,-0.01,0.49,-0.23,0.34
2017-11-03,0.31,-0.53,-0.7,-0.16,-0.17
2017-11-06,0.06,0.16,0.19,-0.62,0.03
2017-11-07,-0.2,-1.41,-0.37,0.41,-0.03
2017-11-08,0.12,-0.03,-0.62,0.6,-0.01
2017-11-09,-0.41,0.0,0.22,-0.01,0.1
2017-11-10,0.01,0.05,-0.38,0.2,0.15
2017-11-13,0.09,-0.3,0.02,0.07,-0.74
2017-11-14,-0.22,-0.08,0.0,0.95,-0.4
2017-11-15,-0.52,0.04,0.24,-0.08,0.15
2017-11-16,1.01,0.78,-0.52,0.52,0.32
2017-11-17,-0.14,0.73,0.29,-0.16,0.35
2017-11-20,0.21,0.62,0.0,0.27,-0.01
2017-11-21,0.67,0.35,-0.35,0.04,-0.62
2017-11-22,-0.05,0.09,-0.03,-0.26,0.16
2017-11-24,0.21,0.01,-0.45,0.04,-0.09
2017-11-27,-0.06,-0.32,0.03,0.59,-0.1
2017-11-28,1.06,0.57,0.86,0.32,0.03
2017-11-29,0.02,0.3,1.44,0.81,0.6
2017-11-30,0.82,-0.6,-0.51,-0.19,0.02
2017-12-01,-0.22,-0.33,0.37,-0.43,0.33
2017-12-04,-0.1,-0.14,1.23,1.0,0.57
2017-12-05,-0.43,-0.45,-0.24,0.18,-0.11
2017-12-06,-0.09,-0.52,-0.52,0.42,-0.5
2017-12-07,0.42,0.28,-0.17,-0.27,0.07
2017-12-08,0.51,-0.42,-0.13,-0.08,0.07
2017-12-11,0.26,-0.41,-0.14,-0.08,0.07
2017-12-12,0.07,-0.47,0.52,0.03,0.1
2017-12-13,0.02,0.62,-0.88,0.27,-0.07
2017-12-14,-0.47,-0.75,-0.21,-0.15,-0.12
2017-12-15,0.92,0.68,0.03,0.4,-0.51
2017-12-18,0.67,0.82,0.26,0.26,0.16
2017-12-19,-0.3,-0.34,-0.26,0.26,0.38
2017-12-20,0.01,0.38,0.05,-0.17,0.27
2017-12-21,0.24,0.32,0.63,-0.75,0.32
2017-12-22,-0.07,-0.21,-0.2,-0.13,0.2
2017-12-26,-0.07,0.32,-0.06,-0.17,0.57
2017-12-27,0.05,-0.16,-0.19,0.08,-0.12
2017-12-28,0.22,0.09,0.04,-0.15,-0.2
2017-12-29,-0.57,-0.3,0.02,0.17,0.15
2018-01-02,0.85,0.31,-0.22,-0.45,0.22
2018-01-03,0.59,-0.48,-0.21,-0.75,-0.08
2018-01-04,0.42,-0.23,0.24,-0.04,0.3
2018-01-05,0.66,-0.36,-0.27,0.39,-0.36
2018-01-08,0.19,-0.21,0.07,-0.1,0.04
2018-01-09,0.15,-0.37,-0.02,-0.15,-0.06
2018-01-10,-0.07,0.14,0.58,-0.34,0.0
2018-01-11,0.87,1.14,0.29,-0.11,0.47
2018-01-12,0.66,-0.32,0.17,-0.11,0.15
2018-01-16,-0.49,-1.01,-0.02,0.39,-0.33
2018-01-17,0.95,-0.07,-0.15,-0.08,-0.03
2018-01-18,-0.18,-0.45,-0.25,0.27,-0.29
2018-01-19,0.57,0.94,-0.07,0.1,0.14
2018-01-22,0.77,-0.34,-0.14,-0.52,0.19
2018-01-23,0.22,0.07,-0.33,-0.28,-0.25
2018-01-24,-0.13,-0.7,0.39,0.01,0.14
2018-01-25,0.07,0.12,-0.49,0.13,-0.17
2018-01-26,1.11,-0.64,-0.5,0.38,-0.18
2018-01-29,-0.62,-0.02,-0.26,0.18,-0.29
2018-01-30,-1.06,0.1,-0.17,0.34,-0.33
2018-01-31,-0.07,-0.66,0.06,0.22,-0.08
2018-02-01,0.03,0.15,0.5,-0.58,0.03
2018-02-02,-2.13,-0.01,-0.27,0.56,-0.44
2018-02-05,-4.03,0.64,-0.56,0.21,-0.16
2018-02-06,1.67,-0.47,-0.23,0.1,-0.19
2018-02-07,-0.37,0.57,0.26,0.33,0.32
2018-02-08,-3.67,0.82,0.48,0.37,0.09
2018-02-09,1.36,-0.57,0.11,0.17,-0.47
2018-02-12,1.36,-0.44,-0.29,-0.23,-0.19
2018-02-13,0.31,0.1,-0.23,0.19,-0.03
2018-02-14,1.52,0.3,0.46,-0.67,-0.07
2018-02-15,1.21,-0.17,-0.65,0.15,-0.29
2018-02-16,0.03,0.35,0.13,0.0,0.09
2018-02-20,-0.62,-0.28,-0.25,-0.22,-0.52
2018-02-21,-0.43,0.8,0.2,0.09,-0.28
2018-02-22,0.01,-0.05,-0.39,0.09,0.45
2018-02-23,1.54,-0.36,-0.14,-0.13,-0.1
2018-02-26,1.12,-0.46,-0.07,-0.15,-0.23
2018-02-27,-1.25,-0.2,0.01,-0.03,-0.05
2018-02-28,-1.1,-0.43,-0.31,0.24,-0.27
2018-03-01,-1.18,0.96,-0.04,-0.27,0.05
2018-03-02,0.7,1.1,-0.5,-0.4,-0.39
2018-03-05,1.06,-0.41,0.25,-0.6,0.09
2018-03-06,0.36,0.68,0.1,0.27,-0.02
2018-03-07,0.05,0.78,-0.45,-0.08,-0.43
2018-03-08,0.37,-0.58,-0.33,-0.03,-0.18
2018-03-09,1.7,-0.2,0.28,-0.25,-0.04
2018-03-12,-0.09,0.43,-0.06,-0.35,-0.23
2018-03-13,-0.67,0.1,0.0,0.45,0.05
2018-03-14,-0.53,0.15,-0.54,-0.11,-0.42
2018-03-15,-0.18,-0.41,0.31,0.07,-0.14
2018-03-16,0.25,0.47,0.2,0.05,0.32
2018-03-19,-1.38,0.4,0.41,0.37,0.12
2018-03-20,0.15,-0.12,-0.38,-0.03,-0.11
2018-03-21,-0.06,0.7,0.45,-1.09,0.8
2018-03-22,-2.54,0.39,-0.46,0.21,0.04
2018-03-23,-2.09,0.1,-0.2,0.08,0.73
2018-03-26,2.67,-0.64,0.02,0.05,-0.6
2018-03-27,-1.87,-0.24,0.4,0.71,0.55
2018-03-28,-0.35,0.18,0.65,0.71,0.07
2018-03-29,1.41,-0.28,-0.21,-0.34,-0.18
2018-04-02,-2.29,-0.07,0.39,0.11,-0.09
2018-04-03,1.24,-0.04,0.17,0.26,0.12
2018-04-04,1.17,0.33,-0.32,0.07,-0.14
2018-04-05,0.75,0.06,0.48,0.12,0.25
2018-04-06,-2.19,0.38,-0.06,0.11,0.04
2018-04-09,0.3,-0.25,-0.5,-0.76,-0.31
2018-04-10,1.77,0.34,-0.12,-0.83,0.37
2018-04-11,-0.49,0.8,-0.31,-0.61,0.27
2018-04-12,0.84,-0.16,0.19,-0.2,0.0
2018-04-13,-0.37,-0.11,-0.25,-0.13,0.14
2018-04-16,0.82,0.14,-0.04,0.82,0.03
2018-04-17,1.09,0.01,-1.18,-0.21,-0.46
2018-04-18,0.13,0.24,0.01,-0.23,0.42
2018-04-19,-0.49,-0.29,1.08,-0.48,0.1
2018-04-20,-0.81,0.11,0.62,-0.58,0.28
2018-04-23,-0.05,-0.07,0.2,0.31,0.07
2018-04-24,-1.3,0.63,0.98,0.09,0.23
2018-04-25,0.1,-0.28,0.01,0.4,0.16
2018-04-26,0.96,-0.54,-0.85,-0.48,-0.48
2018-04-27,0.01,-0.27,0.07,0.63,0.09
2018-04-30,-0.8,-0.05,-0.07,-0.48,-0.02
2018-05-01,0.24,0.25,-0.53,0.01,-0.97
2018-05-02,-0.63,1.24,-0.28,0.01,-0.03
2018-05-03,-0.25,-0.58,-0.17,0.0,-0.1
2018-05-04,1.3,-0.03,-0.23,-0.38,0.06
2018-05-07,0.42,0.39,-0.36,-0.52,-0.32
2018-05-08,0.07,0.49,0.26,-0.25,0.14
2018-05-09,0.89,-0.23,0.24,-0.88,-0.01
2018-05-10,0.84,-0.37,-0.04,0.25,-0.33
2018-05-11,0.19,0.11,-0.37,0.2,0.13
2018-05-14,0.05,-0.28,0.12,-0.18,0.5
2018-05-15,-0.55,0.71,0.41,-0.08,0.43
2018-05-16,0.49,0.68,-0.24,0.36,0.1
2018-05-17,0.02,0.87,0.25,-0.32,0.3
2018-05-18,-0.23,0.46,-0.58,0.05,-0.2
2018-05-21,0.72,-0.19,0.44,0.2,0.07
2018-05-22,-0.42,-0.66,0.59,-0.29,-0.39
2018-05-23,0.29,-0.07,-0.72,-0.04,-0.37
2018-05-24,-0.16,0.32,-0.31,0.48,0.09
2018-05-25,-0.21,0.22,-0.4,0.61,-0.52
2018-05-29,-1.03,1.1,-1.03,0.17,-0.03
2018-05-30,1.31,0.05,0.35,-0.7,0.2
2018-05-31,-0.7,0.04,-0.4,-0.51,-0.16
2018-06-01,1.06,-0.21,-0.13,-0.02,-0.17
2018-06-04,0.48,0.14,-0.46,1.03,-0.29
2018-06-05,0.16,0.79,-0.41,0.22,0.12
2018-06-06,0.86,-0.28,0.17,-0.02,0.15
2018-06-07,-0.14,-0.24,0.92,0.13,0.59
2018-06-08,0.31,0.04,-0.4,0.24,-0.19
2018-06-11,0.12,0.15,-0.16,0.22,0.24
2018-06-12,0.23,0.19,-0.61,0.07,-0.17
2018-06-13,-0.33,0.06,-0.21,-0.47,-0.16
2018-06-14,0.27,0.2,-0.99,0.0,-0.59
2018-06-15,-0.08,0.1,-0.25,0.64,-0.15
2018-06-18,-0.09,0.76,0.09,-0.41,0.04
2018-06-19,-0.38,0.51,-0.18,-0.25,-0.37
2018-06-20,0.23,0.66,-0.52,-0.11,0.08
2018-06-21,-0.73,-0.57,0.32,0.44,0.13
2018-06-22,0.11,-0.05,0.44,-0.57,0.86
2018-06-25,-1.48,-0.48,0.56,0.56,0.14
2018-06-26,0.27,0.51,-0.2,-0.51,0.1
2018-06-27,-1.02,-0.99,0.39,-0.12,0.52
2018-06-28,0.58,-0.19,-0.51,-0.17,-0.56
2018-06-29,0.07,-0.23,-0.24,-0.21,0.01
2018-07-02,0.36,0.45,-0.35,-0.01,-0.53
2018-07-03,-0.44,0.75,0.08,-0.31,0.46
2018-07-05,0.87,0.39,-0.4,0.35,-0.17
2018-07-06,0.87,0.0,-0.37,-0.23,-0.12
2018-07-09,0.93,-0.28,0.77,0.0,-0.19
2018-07-10,0.21,-0.84,-0.08,0.1,0.27
2018-07-11,-0.69,-0.05,-0.52,-0.09,-0.32
2018-07-12,0.86,-0.41,-1.09,-0.02,-0.49
2018-07-13,0.08,-0.17,-0.28,0.35,0.19
2018-07-16,-0.16,-0.61,0.84,-0.2,-0.16
2018-07-17,0.48,0.15,-0.69,0.13,-0.23
2018-07-18,0.27,-0.14,0.6,-0.16,-0.14
2018-07-19,-0.34,0.93,-0.37,0.21,0.04
2018-07-20,-0.1,-0.16,0.08,0.09,-0.24
2018-07-23,0.15,-0.18,0.37,-0.21,-0.2
2018-07-24,0.22,-1.33,0.52,0.46,0.1
2018-07-25,0.83,-0.58,-1.21,0.05,-0.31
2018-07-26,-0.2,0.75,0.61,-0.02,0.61
2018-07-27,-0.82,-1.2,1.15,0.51,0.52
2018-07-30,-0.7,-0.02,1.67,0.25,1.01
2018-07-31,0.51,0.69,-0.96,0.31,0.27
2018-08-01,-0.13,0.01,-0.3,-0.17,-0.74
2018-08-02,0.67,0.22,-0.73,-0.03,-0.57
2018-08-03,0.31,-0.92,0.56,0.63,0.37
2018-08-06,0.46,0.23,-0.33,-0.29,-0.22
2018-08-07,0.29,-0.05,-0.14,-0.33,-0.12
2018-08-08,-0.04,-0.13,0.22,-0.07,-0.06
2018-08-09,-0.05,0.34,-0.32,0.06,-0.26
2018-08-10,-0.6,0.34,-0.23,-0.27,0.25
2018-08-13,-0.46,-0.22,-0.31,0.32,-0.01
2018-08-14,0.69,0.31,0.23,0.36,0.2
2018-08-15,-0.91,-0.53,-0.11,0.66,-0.11
2018-08-16,0.86,-0.04,0.27,-0.08,0.4
2018-08-17,0.3,0.12,0.04,0.19,0.15
2018-08-20,0.25,0.15,0.18,0.09,0.15
2018-08-21,0.33,0.9,0.14,-0.21,-0.22
2018-08-22,0.05,0.3,-0.46,-0.51,-0.29
2018-08-23,-0.19,-0.1,-0.32,0.0,-0.17
2018-08-24,0.62,-0.1,-0.51,-0.32,-0.19
2018-08-27,0.74,-0.62,-0.11,-0.2,-0.35
2018-08-28,-0.01,-0.13,-0.29,0.12,-0.05
2018-08-29,0.56,-0.14,-0.59,-0.15,-0.3
2018-08-30,-0.41,0.23,-0.43,-0.24,-0.12
2018-08-31,0.08,0.45,-0.43,0.18,-0.14
2018-09-04,-0.11,-0.32,-0.08,-0.01,-0.16
2018-09-05,-0.41,-0.04,0.7,0.45,0.57
2018-09-06,-0.44,-0.39,-0.12,0.43,0.33
2018-09-07,-0.18,0.07,-0.21,0.02,0.02
2018-09-10,0.23,0.07,-0.33,0.04,-0.25
2018-09-11,0.37,-0.33,-0.21,-0.11,-0.38
2018-09-12,0.03,-0.13,-0.06,0.03,0.54
2018-09-13,0.45,-0.49,-0.36,0.08,-0.03
2018-09-14,0.12,0.31,0.25,-0.12,-0.03
2018-09-17,-0.71,-0.36,0.92,0.29,0.73
2018-09-18,0.57,0.03,-0.53,-0.25,-0.23
2018-09-19,0.06,-0.5,1.17,-0.49,-0.03
2018-09-20,0.77,0.28,-0.18,0.02,-0.08
2018-09-21,-0.13,-0.43,0.39,0.22,0.66
2018-09-24,-0.31,-0.06,-0.88,-0.42,-0.28
2018-09-25,-0.05,0.21,-0.44,-0.33,-0.07
2018-09-26,-0.4,-0.48,-0.59,0.51,0.1
2018-09-27,0.27,-0.34,-0.57,0.1,-0.34
2018-09-28,-0.03,0.35,-0.19,0.13,0.18
2018-10-01,0.16,-1.62,0.38,-0.16,0.06
2018-10-02,-0.21,-0.95,0.67,0.11,0.36
2018-10-03,0.2,0.91,0.43,-0.36,-0.21
2018-10-04,-0.93,-0.81,1.55,0.12,0.76
2018-10-05,-0.64,-0.38,0.4,-0.37,0.41
2018-10-08,-0.17,-0.23,1.19,0.49,0.64
2018-10-09,-0.18,-0.39,0.17,-0.49,0.2
2018-10-10,-3.33,0.4,1.15,0.23,0.78
2018-10-11,-1.96,0.35,-0.88,0.42,-0.57
2018-10-12,1.38,-1.11,-1.69,0.07,-0.48
2018-10-15,-0.48,0.99,0.47,0.38,0.5
2018-10-16,2.24,0.56,-1.46,-0.19,-0.68
2018-10-17,-0.08,-0.6,0.19,-0.26,0.14
2018-10-18,-1.54,-0.54,0.53,-0.4,0.35
2018-10-19,-0.25,-1.25,0.8,0.39,0.55
2018-10-22,-0.38,0.33,-1.19,1.09,-0.18
2018-10-23,-0.62,-0.21,-0.33,0.14,-0.11
2018-10-24,-3.33,-0.81,0.64,0.3,1.26
2018-10-25,1.93,0.32,-0.73,-0.15,-1.08
2018-10-26,-1.65,0.57,0.37,-0.36,0.51
2018-10-29,-0.77,-0.08,1.64,-0.05,0.98
2018-10-30,1.66,0.44,0.1,0.36,0.36
2018-10-31,1.22,-0.72,-0.69,-0.32,-0.94
2018-11-01,1.29,1.19,-1.11,-0.2,-0.51
2018-11-02,-0.53,0.86,0.64,-0.41,0.23
2018-11-05,0.4,-0.88,1.56,-0.52,0.77
2018-11-06,0.58,-0.15,0.03,0.29,0.18
2018-11-07,2.11,-0.49,-1.02,-0.35,-0.77
2018-11-08,-0.28,-0.14,0.23,0.43,0.3
2018-11-09,-1.04,-0.85,0.39,0.56,0.72
2018-11-12,-2.06,0.08,0.98,0.5,0.89
2018-11-13,-0.13,-0.07,0.07,0.21,-0.31
2018-11-14,-0.77,0.02,-0.19,0.54,0.13
2018-11-15,1.18,0.32,-0.56,-0.79,-0.69
2018-11-16,0.15,-0.03,-0.01,-0.78,0.18
2018-11-19,-1.88,-0.34,2.33,0.13,1.24
2018-11-20,-1.85,0.0,-0.62,-0.33,-0.28
2018-11-21,0.51,0.95,-0.29,-0.36,0.0
2018-11-23,-0.55,0.74,-0.57,0.31,-0.05
2018-11-26,1.62,-0.71,-0.18,-0.45,-0.74
2018-11-27,0.11,-1.05,0.29,0.6,0.11
2018-11-28,2.42,0.32,-1.27,0.12,-0.94
2018-11-29,-0.22,-0.21,-0.18,-0.4,0.03
2018-11-30,0.78,-0.38,-0.38,0.25,-0.24
2018-12-03,1.13,-0.12,-0.7,-0.3,-0.58
2018-12-04,-3.45,-1.04,-0.1,-0.16,0.91
2018-12-06,-0.16,-0.07,-1.0,0.15,-0.3
2018-12-07,-2.36,0.27,1.29,-0.5,0.61
2018-12-10,0.1,-0.42,-1.57,0.33,-0.3
2018-12-11,-0.08,-0.17,-0.34,0.13,-0.07
2018-12-12,0.68,0.49,-0.13,-0.23,-0.11
2018-12-13,-0.26,-1.54,-0.17,0.18,0.03
2018-12-14,-1.89,0.07,0.6,-0.24,0.6
2018-12-17,-2.13,-0.13,0.99,0.28,0.22
2018-12-18,-0.03,-0.06,-0.56,0.92,-0.48
2018-12-19,-1.58,-0.61,0.18,-0.37,0.42
2018-12-20,-1.62,-0.12,0.78,0.57,-0.06
2018-12-21,-2.17,-0.54,0.83,0.11,0.66
2018-12-24,-2.55,0.9,-0.45,-0.39,-0.36
2018-12-26,5.06,-0.16,-1.07,-0.18,-1.07
2018-12-27,0.78,-0.71,-0.09,-0.12,0.1
2018-12-28,-0.03,0.73,0.24,-0.35,-0.07
2018-12-31,0.9,-0.13,-0.47,-0.08,-0.12
2019-01-02,0.23,0.73,1.15,-0.13,0.26
2019-01-03,-2.45,0.52,1.23,-0.25,0.91
2019-01-04,3.55,0.39,-0.74,-0.09,-0.58
2019-01-07,0.94,0.82,-0.67,-0.7,-0.41
2019-01-08,1.01,0.44,-0.53,0.35,-0.09
2019-01-09,0.56,0.51,-0.04,0.09,-0.18
2019-01-10,0.42,-0.02,-0.41,-0.07,-0.04
2019-01-11,-0.01,0.2,0.29,0.23,0.25
2019-01-14,-0.6,-0.46,0.88,0.19,0.0
2019-01-15,1.06,-0.13,-0.88,-0.3,-0.57
2019-01-16,0.28,0.27,0.83,-0.12,-0.25
2019-01-17,0.75,0.08,-0.19,0.08,-0.01
2019-01-18,1.29,-0.27,0.11,0.18,-0.25
2019-01-22,-1.53,-0.35,0.3,0.25,0.33
2019-01-23,0.15,-0.42,-0.13,0.36,0.28
2019-01-24,0.23,0.48,-0.1,-0.09,-0.2
2019-01-25,0.9,0.41,-0.37,-0.37,-0.57
2019-01-28,-0.8,-0.08,0.65,0.29,0.18
2019-01-29,-0.19,0.02,0.17,0.02,0.49
2019-01-30,1.51,-0.31,-1.06,-0.2,-0.88
2019-01-31,0.92,-0.04,-1.08,-0.35,-0.02
2019-02-01,0.14,-0.16,0.34,-0.75,0.3
2019-02-04,0.72,0.42,-0.57,0.21,-0.21
2019-02-05,0.43,-0.13,-0.56,0.59,-0.34
2019-02-06,-0.22,-0.02,0.01,-0.06,0.06
2019-02-07,-0.93,-0.14,0.41,0.55,0.3
2019-02-08,0.09,-0.08,-0.67,-0.33,-0.11
2019-02-11,0.14,0.66,0.2,-0.09,-0.02
2019-02-12,1.36,0.05,-0.24,-0.08,-0.24
2019-02-13,0.28,0.08,0.05,0.11,0.2
2019-02-14,-0.21,0.52,-0.55,0.38,-0.16
2019-02-15,1.13,0.37,0.53,-0.21,0.02
2019-02-19,0.19,0.3,0.32,-0.01,0.22
2019-02-20,0.19,0.3,0.59,0.02,-0.25
2019-02-21,-0.37,-0.03,-0.25,0.6,0.1
2019-02-22,0.65,0.38,-1.37,0.32,-0.62
2019-02-25,0.15,-0.23,-0.2,-0.77,-0.51
2019-02-26,-0.16,-0.68,-0.3,0.08,-0.15
2019-02-27,0.09,0.16,-0.15,-0.65,-0.11
2019-02-28,-0.31,-0.03,-0.28,0.3,0.15
2019-03-01,0.72,0.26,-0.48,-0.34,-0.19
2019-03-04,-0.52,-0.39,0.32,0.12,-0.08
2019-03-05,-0.17,-0.33,-0.22,0.27,-0.03
2019-03-06,-0.84,-1.24,0.09,0.54,0.12
2019-03-07,-0.82,-0.05,-0.27,-0.35,0.14
2019-03-08,-0.22,0.06,-0.13,-0.09,-0.28
2019-03-11,1.49,0.26,-0.49,-0.29,-0.46
2019-03-12,0.25,-0.31,-0.04,-0.42,0.01
2019-03-13,0.68,-0.32,0.01,-0.17,0.16
2019-03-14,-0.1,-0.37,0.23,-0.15,-0.12
2019-03-15,0.48,-0.26,-0.28,-0.04,-0.21
2019-03-18,0.46,0.22,0.34,-0.07,-0.08
2019-03-19,-0.09,-0.46,-0.89,0.04,-0.08
2019-03-20,-0.39,-0.22,-0.99,-0.16,-0.26
2019-03-21,1.11,0.16,-1.12,0.36,-0.33
2019-03-22,-2.17,-1.58,0.07,0.55,0.58
2019-03-25,-0.05,0.6,-0.29,0.2,0.04
2019-03-26,0.76,0.23,0.43,0.02,0.19
2019-03-27,-0.5,0.16,0.51,0.76,0.1
2019-03-28,0.4,0.37,-0.1,-0.12,-0.08
2019-03-29,0.66,-0.28,-0.84,0.25,-0.17
2019-04-01,1.19,-0.2,0.96,-0.08,-0.29
2019-04-02,-0.05,-0.18,-0.41,-0.39,-0.49
2019-04-03,0.27,0.22,-0.37,0.14,-0.4
2019-04-04,0.19,0.35,0.95,0.61,0.27
2019-04-05,0.52,0.49,-0.02,-0.28,0.11
2019-04-08,0.08,-0.31,0.12,0.29,-0.03
2019-04-09,-0.65,-0.61,-0.08,0.15,-0.03
2019-04-10,0.48,0.92,-0.06,0.08,-0.13
2019-04-11,0.0,-0.28,0.43,0.03,0.13
2019-04-12,0.65,-0.36,0.69,0.51,-0.23
2019-04-15,-0.09,-0.25,-0.59,0.36,0.08
2019-04-16,0.13,0.24,0.63,-0.12,-0.14
2019-04-17,-0.32,-0.53,0.78,1.1,-0.26
2019-04-18,0.11,-0.27,-0.47,0.17,-0.19
2019-04-22,0.11,-0.47,-0.56,-0.53,-0.18
2019-04-23,0.97,0.65,-0.58,-0.06,-0.43
2019-04-24,-0.23,0.33,-0.22,0.64,0.06
2019-04-25,-0.14,-0.78,-0.26,-0.61,-0.31
2019-04-26,0.53,0.49,0.05,-0.05,-0.18
2019-04-29,0.18,0.17,0.61,-0.37,-0.17
2019-04-30,-0.04,-0.67,0.25,0.09,0.7
2019-05-01,-0.83,-0.08,-0.06,0.37,-0.03
2019-05-02,-0.16,0.48,-0.49,0.08,0.06
2019-05-03,1.13,0.94,-0.27,0.01,-0.36
2019-05-06,-0.39,0.59,-0.45,0.01,0.05
2019-05-07,-1.69,-0.27,0.53,0.01,0.31
2019-05-08,-0.21,-0.2,-0.3,-0.03,0.17
2019-05-09,-0.28,0.07,0.09,-0.36,0.02
2019-05-10,0.35,-0.32,0.11,-0.13,0.25
2019-05-13,-2.67,-0.66,0.36,0.24,0.82
2019-05-14,0.93,0.34,-0.03,-0.52,-0.02
2019-05-15,0.58,-0.09,-0.94,0.14,-0.27
2019-05-16,0.91,-0.45,-0.24,-0.14,-0.23
2019-05-17,-0.73,-0.76,0.35,0.09,0.31
2019-05-20,-0.65,-0.09,0.79,0.09,0.44
2019-05-21,0.9,0.42,-0.34,-0.14,-0.16
2019-05-22,-0.4,-0.62,-0.63,-0.14,0.19
2019-05-23,-1.37,-0.72,-0.23,0.32,0.23
2019-05-24,0.23,0.52,0.29,-0.47,-0.04
2019-05-28,-0.78,0.2,-0.6,-0.02,-0.27
2019-05-29,-0.71,-0.22,0.44,-0.2,0.03
2019-05-30,0.14,-0.38,-0.78,0.35,-0.06
2019-05-31,-1.37,-0.2,-0.21,0.03,0.39
2019-06-03,-0.4,0.6,1.44,0.28,1.45
2019-06-04,2.33,0.49,-0.17,0.29,-0.47
2019-06-05,0.69,-1.07,-0.91,0.11,-0.23
2019-06-06,0.55,-1.07,-0.01,0.05,-0.07
2019-06-07,1.04,-0.16,-1.15,0.38,-0.64
2019-06-10,0.53,0.02,-0.07,0.43,-0.36
2019-06-11,-0.12,-0.21,0.59,0.43,0.19
2019-06-12,-0.2,0.28,-0.89,0.08,0.08
2019-06-13,0.52,0.68,-0.01,-0.13,-0.05
2019-06-14,-0.27,-0.71,0.3,0.24,0.15
2019-06-17,0.15,0.48,-1.08,-0.67,-0.44
2019-06-18,1.04,0.21,0.19,-0.27,-0.19
2019-06-19,0.32,0.02,-0.59,-0.19,0.14
2019-06-20,0.89,-0.39,-0.23,-0.13,-0.09
2019-06-21,-0.21,-0.45,-0.07,-0.11,0.03
2019-06-24,-0.34,-0.91,0.15,0.6,-0.02
2019-06-25,-0.98,0.42,0.74,-0.09,0.62
2019-06-26,-0.06,0.0,0.22,0.37,-0.39
2019-06-27,0.6,1.43,-0.09,-0.32,-0.24
2019-06-28,0.68,0.76,0.61,-0.49,0.12
2019-07-01,0.75,-0.59,-0.18,-0.13,0.03
2019-07-02,0.14,-0.97,-0.79,-0.02,0.04
2019-07-03,0.78,-0.15,-0.31,-0.33,-0.05
2019-07-05,-0.1,0.33,0.89,0.1,-0.06
2019-07-08,-0.58,-0.43,0.03,0.03,-0.25
2019-07-09,0.18,-0.24,-0.53,-0.63,-0.26
2019-07-10,0.4,-0.27,-0.39,0.11,-0.03
2019-07-11,0.19,-0.78,0.03,-0.23,-0.54
2019-07-12,0.53,0.33,0.44,0.57,-0.07
2019-07-15,-0.04,-0.51,-0.99,0.14,0.25
2019-07-16,-0.32,0.39,0.15,0.48,-0.04
2019-07-17,-0.64,-0.27,-0.68,-0.5,-0.23
2019-07-18,0.35,-0.29,-0.03,-0.31,0.39
2019-07-19,-0.56,0.29,0.89,0.36,0.16
2019-07-22,0.25,-0.54,-0.5,-0.19,0.01
2019-07-23,0.65,-0.04,0.82,0.66,0.35
2019-07-24,0.66,0.92,0.83,-0.08,-0.06
2019-07-25,-0.63,-0.7,-0.21,0.23,0.13
2019-07-26,0.82,0.32,-0.21,-0.64,-0.32
2019-07-29,-0.32,-0.32,-0.46,0.35,0.41
2019-07-30,-0.17,1.38,0.85,-0.24,0.08
2019-07-31,-1.09,0.25,0.53,0.14,0.47
2019-08-01,-1.04,-0.8,-1.94,-0.42,-0.21
2019-08-02,-0.87,-0.26,0.04,0.13,0.21
2019-08-05,-3.07,0.05,-0.02,-0.13,0.27
2019-08-06,1.29,-0.57,-0.56,-0.31,-0.23
2019-08-07,0.07,-0.12,-0.87,0.16,-0.17
2019-08-08,1.97,-0.01,-0.29,0.2,-0.39
2019-08-09,-0.78,-0.48,-0.37,-0.53,-0.06
2019-08-12,-1.32,0.2,-0.28,0.08,0.22
2019-08-13,1.47,-0.34,-0.54,0.34,-0.02
2019-08-14,-2.95,0.02,-0.53,-0.39,-0.01
2019-08-15,0.16,-0.7,-0.58,-0.11,-0.49
2019-08-16,1.55,0.66,0.66,0.19,-0.04
2019-08-19,1.14,0.02,0.29,0.43,0.04
2019-08-20,-0.75,0.18,-0.51,0.1,-0.23
2019-08-21,0.85,-0.03,-0.32,-0.04,-0.05
2019-08-22,-0.1,-0.37,0.52,0.2,0.27
2019-08-23,-2.66,-0.61,-0.21,-0.65,-0.29
2019-08-26,1.08,-0.04,-0.21,0.17,-0.13
2019-08-27,-0.46,-0.99,-0.68,0.26,0.1
2019-08-28,0.68,0.64,0.62,0.42,0.2
2019-08-29,1.35,0.41,0.34,0.19,-0.13
2019-08-30,0.03,-0.25,0.26,0.1,0.11
2019-09-03,-0.86,-0.93,0.09,-0.19,0.46
2019-09-04,1.08,-0.14,0.43,0.25,-0.05
2019-09-05,1.42,0.55,0.7,0.5,0.0
2019-09-06,-0.02,-0.34,0.06,0.19,0.44
2019-09-09,0.08,1.35,3.08,0.84,0.45
2019-09-10,0.17,1.38,1.22,-0.11,0.6
2019-09-11,0.88,1.36,-0.01,-0.2,0.33
2019-09-12,0.22,-0.38,-0.22,-0.21,-0.12
2019-09-13,-0.01,0.18,0.76,-0.06,-0.09
2019-09-16,-0.23,0.92,0.5,-0.28,0.04
2019-09-17,0.17,-0.81,-1.23,-0.22,-0.36
2019-09-18,-0.05,-0.75,0.02,-0.1,0.1
2019-09-19,-0.05,-0.48,-0.46,0.06,-0.12
2019-09-20,-0.48,0.32,0.14,-0.56,0.01
2019-09-23,-0.02,-0.12,0.52,0.25,0.31
2019-09-24,-1.01,-0.75,-0.02,0.2,0.5
2019-09-25,0.69,0.41,0.56,0.44,0.05
2019-09-26,-0.41,-0.98,0.11,0.33,0.35
2019-09-27,-0.62,-0.18,0.88,0.2,0.61
2019-09-30,0.5,-0.24,-0.49,0.63,0.0
2019-10-01,-1.31,-0.66,-0.62,0.1,-0.17
2019-10-02,-1.73,0.74,-0.4,-0.49,-0.23
2019-10-03,0.8,-0.38,-0.91,-0.2,-0.22
2019-10-04,1.39,-0.52,-0.1,-0.01,0.05
2019-10-07,-0.41,0.14,-0.06,-0.09,-0.29
2019-10-08,-1.61,-0.16,-0.1,0.42,0.1
2019-10-09,0.92,-0.56,-0.1,0.12,-0.14
2019-10-10,0.6,-0.25,0.29,0.14,-0.07
2019-10-11,1.23,0.6,0.21,0.43,0.22
2019-10-14,-0.18,-0.35,-0.05,-0.21,-0.12
2019-10-15,1.03,0.26,-0.24,-0.22,-0.7
2019-10-16,-0.24,0.48,0.19,0.38,0.25
2019-10-17,0.37,0.79,-0.28,0.15,-0.1
2019-10-18,-0.49,-0.15,0.89,-0.01,0.41
2019-10-21,0.71,0.32,0.34,0.05,0.02
2019-10-22,-0.34,0.5,0.91,0.43,0.35
2019-10-23,0.25,-0.11,0.24,-0.03,0.07
2019-10-24,0.25,-0.52,-0.92,-0.13,-0.62
2019-10-25,0.5,0.41,0.12,0.35,-0.01
2019-10-28,0.62,0.26,-0.22,-0.05,0.0
2019-10-29,-0.13,0.39,0.42,0.01,0.11
2019-10-30,0.27,-0.67,-1.2,-0.49,0.03
2019-10-31,-0.38,-0.33,-0.41,-0.2,0.15
2019-11-01,1.08,0.6,0.85,-0.21,0.11
2019-11-04,0.4,0.34,1.46,0.62,0.11
2019-11-05,-0.03,0.4,0.48,0.0,-0.01
2019-11-06,-0.05,-0.79,0.15,-0.16,0.28
2019-11-07,0.38,0.02,0.56,0.2,-0.12
2019-11-08,0.31,0.02,-0.36,-0.13,0.06
2019-11-11,-0.19,-0.09,-0.22,-0.08,-0.05
2019-11-12,0.16,-0.18,-0.13,-0.13,-0.18
2019-11-13,0.01,-0.41,-0.82,-0.27,-0.02
2019-11-14,0.07,-0.16,-0.26,0.11,-0.37
2019-11-15,0.74,-0.25,-0.37,0.01,0.03
2019-11-18,0.02,-0.37,-0.52,-0.06,-0.32
2019-11-19,0.02,0.36,-1.01,-0.86,-0.25
2019-11-20,-0.33,-0.14,-0.44,-0.6,-0.32
2019-11-21,-0.14,-0.29,0.15,0.08,-0.09
2019-11-22,0.24,0.15,0.25,0.15,0.05
2019-11-25,0.92,1.25,-0.39,0.12,0.04
2019-11-26,0.19,-0.1,-0.81,0.24,-0.15
2019-11-27,0.44,0.21,-0.05,0.01,-0.02
2019-11-29,-0.42,-0.12,-0.33,-0.48,0.01
2019-12-02,-0.87,-0.12,0.43,0.15,0.17
2019-12-03,-0.66,0.41,-0.81,-0.5,-0.53
2019-12-04,0.6,0.21,0.19,0.17,0.06
2019-12-05,0.13,-0.16,0.51,0.28,0.37
2019-12-06,0.91,0.38,0.43,0.34,0.25
2019-12-09,-0.33,0.31,0.12,-0.14,-0.25
2019-12-10,-0.08,0.28,-0.08,-0.19,0.07
2019-12-11,0.28,-0.1,0.1,0.32,0.14
2019-12-12,0.9,0.15,1.15,0.11,0.22
2019-12-13,-0.03,-0.49,-0.54,-0.29,-0.21
2019-12-16,0.74,0.01,-0.07,-0.33,0.15
2019-12-17,0.1,0.5,0.68,0.13,-0.05
2019-12-18,-0.05,0.27,0.13,0.27,-0.02
2019-12-19,0.43,-0.13,-0.43,-0.21,-0.03
2019-12-20,0.48,-0.27,-0.29,0.03,-0.06
2019-12-23,0.1,0.16,-0.28,-0.12,0.31
2019-12-24,0.01,0.36,-0.07,-0.28,0.02
2019-12-26,0.49,-0.56,0.0,0.23,-0.19
2019-12-27,-0.09,-0.54,-0.07,0.24,0.16
2019-12-30,-0.57,0.27,0.58,0.15,0.45
2019-12-31,0.28,0.01,0.14,-0.11,0.2
2020-01-02,0.86,-0.95,-0.35,0.18,-0.23
2020-01-03,-0.67,0.28,0.0,-0.18,-0.15
2020-01-06,0.36,-0.22,-0.5,-0.17,-0.32
2020-01-07,-0.19,-0.04,-0.18,-0.1,-0.3
2020-01-08,0.47,-0.17,-0.64,-0.16,-0.12
2020-01-09,0.65,-0.71,-0.5,-0.14,0.06
2020-01-10,-0.34,-0.25,-0.36,0.04,-0.09
2020-01-13,0.73,-0.08,-0.1,0.3,0.28
2020-01-14,-0.06,0.46,-0.12,-0.29,-0.08
2020-01-15,0.16,0.25,-0.79,-0.07,-0.23
2020-01-16,0.88,0.5,-0.11,0.04,-0.07
2020-01-17,0.28,-0.62,-0.12,0.27,0.02
2020-01-21,-0.32,-0.67,-0.63,-0.09,-0.33
2020-01-22,0.08,-0.25,0.01,-0.23,0.0
2020-01-23,0.08,-0.07,-0.16,0.26,-0.05
2020-01-24,-0.97,-0.48,-0.34,0.16,-0.04
2020-01-27,-1.56,0.27,-0.48,-0.59,0.05
2020-01-28,1.02,-0.15,-0.42,0.17,-0.1
2020-01-29,-0.1,-0.44,-0.95,0.25,0.19
2020-01-30,0.34,-0.64,0.67,-0.39,-0.11
2020-01-31,-1.74,-0.52,-0.34,-0.54,-0.69
2020-02-03,0.84,0.35,-0.71,-0.74,-0.36
2020-02-04,1.57,-0.13,-0.67,0.33,-0.13
2020-02-05,0.97,0.74,1.53,0.98,0.65
2020-02-06,0.27,-0.6,-0.85,-0.06,-0.36
2020-02-07,-0.55,-0.82,-0.09,-0.19,-0.53
2020-02-10,0.73,-0.18,-0.89,-0.12,-0.4
2020-02-11,0.28,0.33,1.11,0.32,0.22
2020-02-12,0.66,0.15,-0.32,0.23,-0.01
2020-02-13,-0.09,0.13,-0.05,-0.15,-0.41
2020-02-14,0.15,-0.56,-0.71,-0.26,-0.28
2020-02-18,-0.19,-0.03,-0.67,-0.49,-0.66
2020-02-19,0.6,0.22,-0.06,0.12,-0.33
2020-02-20,-0.35,0.6,0.64,0.06,-0.14
2020-02-21,-1.12,-0.03,0.04,-0.18,0.36
2020-02-24,-3.38,0.15,-0.04,-0.37,0.2
2020-02-25,-3.09,-0.34,-0.72,-0.63,0.03
2020-02-26,-0.52,-0.79,-1.26,-0.52,-0.12
2020-02-27,-4.22,0.69,0.14,-0.35,-0.09
2020-02-28,-0.78,0.06,-0.78,0.33,-0.41
2020-03-02,4.31,-1.96,-0.44,-0.55,0.55
2020-03-03,-2.79,0.64,-0.62,-0.52,0.22
2020-03-04,4.02,-1.2,-1.08,0.12,0.23
2020-03-05,-3.38,-0.19,-1.3,-0.91,0.13
2020-03-06,-1.78,-0.22,-1.35,0.73,0.35
2020-03-09,-7.79,-1.42,-4.7,0.09,0.47
2020-03-10,4.74,-2.37,0.74,0.48,0.09
2020-03-11,-5.05,-1.05,-0.89,0.06,0.09
2020-03-12,-9.63,-1.13,-1.3,-0.31,-0.24
2020-03-13,8.96,-2.03,3.07,1.26,0.83
2020-03-16,-12.0,-0.91,-0.79,0.53,1.21
2020-03-17,5.87,0.36,-1.02,-0.52,-0.07
2020-03-18,-5.56,-4.59,-4.72,0.25,0.21
2020-03-19,1.31,5.75,0.89,-1.67,-1.58
2020-03-20,-4.15,0.31,-0.98,-0.74,-1.19
2020-03-23,-2.56,1.6,-3.38,0.31,-1.21
2020-03-24,9.34,-0.16,2.46,0.48,0.21
2020-03-25,1.18,-0.13,1.94,-0.05,0.13
2020-03-26,6.02,-0.43,1.13,-0.56,0.04
2020-03-27,-3.47,-1.06,-0.72,-1.12,0.83
2020-03-30,3.16,-0.82,-2.18,-0.17,0.18
2020-03-31,-1.44,1.51,-0.43,0.39,-0.13
