date,close,Mkt-RF,SMB,HML,RMW,CMA
2015-05-20,110.17,-0.05,0.19,-0.13,-0.13,0.06
2015-05-21,111.22,0.23,-0.3,-0.02,0.07,-0.15
2015-05-22,111.71,-0.22,-0.13,-0.14,-0.13,-0.07
2015-05-26,109.77,-1.01,-0.03,-0.01,-0.12,0.16
2015-05-27,112.46,0.93,0.29,-0.35,-0.03,-0.32
2015-05-28,112.85,-0.12,0.1,0.13,-0.23,0.09
2015-05-29,112.27,-0.58,0.05,0.06,-0.27,-0.02
2015-06-01,114.08,0.17,-0.06,-0.22,0.22,-0.37
2015-06-02,113.94,-0.02,0.32,0.33,-0.2,0.17
2015-06-03,114.65,0.39,0.86,-0.24,-0.12,-0.04
2015-06-04,113.93,-0.88,-0.08,-0.01,0.19,-0.03
2015-06-05,113.96,0.06,0.83,0.05,-0.52,-0.38
2015-06-08,113.7,-0.66,0.06,0.03,0.05,0.05
2015-06-09,114.75,0.02,-0.29,0.35,0.13,0.1
2015-06-10,117.67,1.2,0.16,0.19,-0.02,0.02
2015-06-11,119.13,0.21,-0.09,-0.11,0.16,0.0
2015-06-12,117.66,-0.63,0.34,0.13,0.06,0.1
2015-06-15,118.16,-0.45,0.15,-0.13,-0.2,-0.25
2015-06-16,119.07,0.57,0.1,0.0,0.14,-0.07
2015-06-17,118.88,0.16,-0.31,-0.63,0.15,-0.09
2015-06-18,121.21,0.99,0.16,-0.43,-0.13,-0.16
2015-06-19,119.8,-0.43,0.52,-0.2,0.07,-0.05
2015-06-22,121.49,0.63,0.09,-0.06,-0.16,-0.24
2015-06-23,122.21,0.12,0.24,0.27,-0.08,0.0
2015-06-24,122.01,-0.79,-0.14,0.13,0.18,-0.01
2015-06-25,120.23,-0.25,0.33,-0.2,0.18,-0.08
2015-06-26,119.5,-0.06,-0.19,0.45,0.32,0.35
2015-06-29,115.46,-2.15,-0.41,0.18,0.31,0.1
2015-06-30,117.08,0.33,0.3,-0.67,-0.31,-0.63
2015-07-01,116.01,0.6,-0.75,-0.06,0.19,0.07
2015-07-02,115.04,-0.11,-0.61,-0.04,-0.07,0.0
2015-07-06,115.66,-0.37,0.08,-0.55,-0.2,-0.22
2015-07-07,115.13,0.53,-0.49,-0.25,0.42,-0.02
2015-07-08,112.94,-1.68,-0.04,0.07,0.13,0.12
2015-07-09,113.36,0.29,0.18,-0.02,-0.29,-0.24
2015-07-10,113.74,1.24,0.18,-0.55,-0.2,-0.07
2015-07-13,114.55,1.14,-0.12,-0.42,0.1,-0.31
2015-07-14,117.36,0.47,0.11,0.13,-0.33,-0.36
2015-07-15,117.39,-0.19,-0.81,-0.08,-0.25,-0.3
2015-07-16,118.85,0.78,-0.25,-0.62,-0.25,-0.66
2015-07-17,118.26,0.05,-0.68,-0.64,-0.26,-0.93
2015-07-20,118.2,-0.01,-0.8,-0.58,0.34,-0.29
2015-07-21,117.78,-0.47,0.07,0.29,-0.22,-0.07
2015-07-22,117.44,-0.18,0.27,0.19,-0.35,0.11
2015-07-23,117.66,-0.6,-0.38,-0.34,-0.05,-0.04
2015-07-24,112.83,-1.08,-0.66,-0.02,0.0,-0.02
2015-07-27,110.54,-0.74,-0.25,0.08,0.08,0.38
2015-07-28,113.07,1.23,-0.33,-0.11,0.06,0.15
2015-07-29,115.71,0.74,-0.22,0.52,0.88,0.3
2015-07-30,117.9,0.12,0.19,-0.26,0.1,-0.13
2015-07-31,117.86,-0.15,0.73,-0.99,0.24,-0.06
2015-08-03,119.6,-0.35,-0.33,-0.16,0.07,0.04
2015-08-04,118.87,-0.14,0.04,-0.19,-0.03,0.19
2015-08-05,118.66,0.36,-0.07,-0.45,0.01,-0.06
2015-08-06,115.3,-0.88,-0.37,1.99,0.23,0.74
2015-08-07,114.44,-0.36,-0.4,-0.35,0.32,0.18
2015-08-10,116.58,1.32,0.19,0.69,0.22,0.04
2015-08-11,115.61,-0.98,-0.06,0.43,0.1,0.08
2015-08-12,116.25,0.07,-0.19,-0.28,-0.11,-0.16
2015-08-13,115.2,-0.14,-0.4,0.01,0.13,-0.09
2015-08-14,115.6,0.43,0.13,0.43,-0.09,0.06
2015-08-17,116.42,0.6,0.35,-0.87,-0.21,-0.43
2015-08-18,117.06,-0.35,-0.61,0.35,0.36,0.1
2015-08-19,116.21,-0.85,-0.2,-0.22,-0.13,-0.03
2015-08-20,112.39,-2.24,-0.21,0.6,0.59,0.67
2015-08-21,105.33,-2.95,1.8,0.14,-0.72,0.84
2015-08-24,100.66,-3.9,0.27,-0.43,0.41,0.12
2015-08-25,102.56,-1.17,0.57,-0.61,-0.27,-0.64
2015-08-26,106.96,3.68,-1.43,-0.38,0.19,-0.69
2015-08-27,107.99,2.4,-0.61,0.6,-0.28,-0.24
2015-08-28,107.78,0.23,0.98,0.08,-0.16,0.08
2015-08-31,105.07,-0.74,0.9,1.42,0.11,0.5
2015-09-01,101.49,-2.91,0.26,-0.5,-0.03,0.08
2015-09-02,104.27,1.81,-0.32,-0.93,0.21,-0.69
2015-09-03,101.91,0.17,-0.17,0.73,0.35,0.75
2015-09-04,102.06,-1.39,0.82,-0.58,-0.07,-0.46
2015-09-08,104.9,2.52,-0.41,-0.56,-0.06,-0.29
2015-09-09,103.82,-1.34,0.17,0.11,0.18,0.01
2015-09-10,107.25,0.49,-0.2,-0.31,-0.24,-0.69
2015-09-11,109.63,0.44,-0.28,-0.7,-0.06,-0.28
2015-09-14,109.35,-0.41,0.03,0.01,-0.04,-0.07
2015-09-15,111.05,1.22,-0.15,0.24,0.0,0.08
2015-09-16,111.03,0.84,0.06,0.44,0.33,0.22
2015-09-17,111.61,-0.17,0.75,-1.49,-0.28,-0.53
2015-09-18,108.44,-1.62,0.26,-0.95,-0.42,-0.53
2015-09-21,105.74,0.36,-0.83,1.21,0.46,0.21
2015-09-22,106.51,-1.29,-0.29,0.14,0.28,0.08
2015-09-23,105.49,-0.27,-0.21,-0.15,-0.15,-0.27
2015-09-24,102.51,-0.36,0.25,0.56,-0.05,0.04
2015-09-25,100.14,-0.22,-1.43,1.87,0.53,0.68
2015-09-28,94.8,-2.63,-0.18,1.17,0.62,0.71
2015-09-29,96.0,-0.07,-0.59,0.72,0.71,0.65
2015-09-30,98.19,1.88,-0.49,-0.48,-0.41,-0.35
2015-10-01,98.27,0.13,-0.52,-0.04,-0.15,-0.21
2015-10-02,98.28,1.48,0.28,-0.84,-0.1,-0.03
2015-10-05,99.26,1.93,0.74,0.77,0.14,0.64
2015-10-06,97.54,-0.43,-0.09,1.73,0.35,0.57
2015-10-07,100.27,0.94,0.68,-0.24,-0.23,-0.01
2015-10-08,100.81,0.84,0.35,0.76,0.54,0.75
2015-10-09,100.65,0.12,0.1,-1.08,0.16,-0.16
2015-10-12,99.51,0.06,-0.43,-0.07,0.12,-0.1
2015-10-13,98.19,-0.74,-0.66,0.69,0.29,0.21
2015-10-14,98.39,-0.6,-0.27,-0.03,-0.48,0.36
2015-10-15,101.64,1.56,0.59,-0.15,-1.1,-0.5
2015-10-16,102.83,0.36,-0.55,-0.35,0.0,0.02
2015-10-19,103.61,0.0,0.09,-0.71,0.13,-0.34
2015-10-20,101.66,-0.15,0.17,1.21,0.48,0.27
2015-10-21,101.73,-0.74,-0.88,-0.18,0.46,0.23
2015-10-22,107.6,1.5,-0.76,0.47,0.06,0.56
2015-10-23,107.99,1.09,-0.09,-0.59,0.19,-0.84
2015-10-26,108.63,-0.2,-0.46,-0.72,0.2,-0.17
2015-10-27,110.96,-0.42,-1.06,-0.88,-0.42,-0.5
2015-10-28,108.13,1.43,1.5,0.64,-0.68,-0.24
2015-10-29,109.21,-0.2,-0.89,0.1,0.41,-0.2
2015-10-30,108.13,-0.41,0.21,-0.55,0.35,0.08
2015-11-02,109.6,1.25,0.9,-0.02,-0.49,-0.05
2015-11-03,109.1,0.32,0.47,0.22,0.03,-0.09
2015-11-04,108.98,-0.26,0.18,-0.33,-0.61,-0.68
2015-11-05,107.83,-0.08,0.04,0.46,0.04,0.14
2015-11-06,108.34,0.14,0.85,0.28,-0.54,-0.2
2015-11-09,108.11,-0.95,-0.26,-0.04,-0.65,-0.01
2015-11-10,108.85,0.13,0.01,0.27,-0.11,0.21
2015-11-11,107.19,-0.43,-0.57,-0.18,-0.13,0.06
2015-11-12,104.23,-1.45,-0.56,-0.45,0.17,-0.28
2015-11-13,102.57,-1.06,0.32,0.39,-0.61,0.42
2015-11-16,103.81,1.39,-0.53,0.45,0.18,-0.15
2015-11-17,104.53,-0.11,-0.24,-0.66,0.02,-0.17
2015-11-18,108.13,1.61,-0.02,-0.09,-0.09,-0.4
2015-11-19,106.51,-0.13,-0.28,-0.11,0.16,0.14
2015-11-20,106.54,0.35,0.4,-0.42,0.29,0.01
2015-11-23,106.36,-0.01,0.61,-0.35,0.12,-0.17
2015-11-24,106.57,0.21,0.75,0.26,0.24,0.1
2015-11-25,107.78,0.09,0.84,-0.55,-0.08,-0.1
2015-11-27,108.0,0.09,0.19,-0.29,-0.18,0.07
2015-11-30,105.96,-0.47,0.2,0.69,-0.24,0.09
2015-12-01,105.85,0.97,-0.64,0.24,-0.09,-0.14
2015-12-02,104.44,-1.01,0.19,-0.7,0.02,-0.15
2015-12-03,101.38,-1.5,-0.2,0.43,0.33,0.17
2015-12-04,104.07,1.86,-1.06,-0.52,0.12,-0.33
2015-12-07,102.91,-0.84,-0.87,-0.66,0.68,0.18
2015-12-08,103.53,-0.59,0.27,-1.23,-0.15,-0.77
2015-12-09,101.95,-0.83,-0.21,0.42,0.47,0.63
2015-12-10,102.62,0.3,0.08,-0.22,0.11,-0.16
2015-12-11,100.03,-2.03,-0.2,-0.06,0.18,0.34
2015-12-14,100.49,0.29,-1.12,-0.19,0.14,-0.33
2015-12-15,101.97,1.1,0.2,0.77,-0.83,0.13
2015-12-16,103.34,1.47,0.01,-0.64,-0.11,-0.17
2015-12-17,102.36,-1.46,0.31,-0.31,-0.23,-0.06
2015-12-18,101.6,-1.7,0.7,-0.39,-0.29,0.19
2015-12-21,102.63,0.74,-0.18,-0.06,-0.14,0.04
2015-12-22,102.86,0.89,0.02,0.51,0.2,0.5
2015-12-23,103.14,1.3,0.23,0.58,-0.01,0.14
2015-12-24,103.58,-0.11,0.27,-0.03,-0.21,0.08
2015-12-28,101.68,-0.29,-0.54,-0.38,0.08,-0.07
2015-12-29,103.36,1.05,0.03,-0.31,0.03,-0.33
2015-12-30,102.16,-0.74,-0.17,-0.13,0.04,0.15
2015-12-31,101.19,-0.92,-0.21,0.25,-0.12,0.1
2016-01-04,98.01,-1.59,-0.73,0.53,0.35,0.42
2016-01-05,99.26,0.12,-0.25,0.01,0.03,0.35
2016-01-06,100.3,-1.35,-0.21,-0.01,0.15,0.04
2016-01-07,96.25,-2.44,-0.27,0.08,0.48,0.43
2016-01-08,96.45,-1.11,-0.52,-0.03,0.21,0.04
2016-01-11,96.5,-0.06,-0.62,0.34,0.65,0.43
2016-01-12,97.1,0.71,-0.45,-0.78,-0.03,-0.31
2016-01-13,92.54,-2.67,-0.56,0.78,0.37,0.68
2016-01-14,93.02,1.65,-0.08,-0.4,-0.62,-0.47
2016-01-15,91.84,-2.14,0.41,-0.21,0.32,0.33
2016-01-19,89.9,-0.2,-1.38,-0.07,0.3,0.26
2016-01-20,90.55,-0.94,1.68,-1.24,0.18,-0.55
2016-01-21,88.87,0.45,-0.46,0.01,0.47,0.6
2016-01-22,91.83,2.08,0.13,-0.19,-0.46,-0.76
2016-01-25,90.61,-1.71,-0.51,-0.99,0.3,-0.01
2016-01-26,92.21,1.52,0.58,1.22,0.58,0.72
2016-01-27,89.63,-1.11,-0.37,1.71,-0.24,1.06
2016-01-28,87.53,0.49,-0.58,1.26,-0.25,-0.5
2016-01-29,83.0,2.57,0.58,0.37,0.0,0.45
2016-02-01,84.05,-0.04,-0.32,-0.95,0.08,-0.41
2016-02-02,82.71,-2.0,-0.13,-0.35,0.29,0.4
2016-02-03,86.39,0.46,-0.21,0.45,0.42,0.37
2016-02-04,86.68,0.27,0.37,0.33,0.2,0.1
2016-02-05,85.14,-2.06,-0.72,1.75,1.07,1.44
2016-02-08,85.26,-1.51,0.11,0.89,1.63,0.97
2016-02-09,87.25,-0.1,-0.56,-0.28,-0.06,0.03
2016-02-10,87.8,0.01,-0.22,-0.55,-0.28,-0.79
2016-02-11,87.36,-1.17,0.28,-1.48,0.32,-0.4
2016-02-12,89.44,1.98,-0.28,1.14,-0.39,0.3
2016-02-16,91.15,1.78,0.54,-0.56,0.03,-0.27
2016-02-17,89.36,1.75,-0.15,-0.64,-0.38,-0.48
2016-02-18,88.99,-0.51,-0.01,0.21,0.34,0.53
2016-02-19,87.44,0.06,0.29,-0.62,-0.64,-0.41
2016-02-22,89.1,1.43,-0.18,0.24,0.25,-0.21
2016-02-23,88.35,-1.22,0.38,-0.52,0.77,0.5
2016-02-24,89.36,0.53,0.64,-0.33,0.01,0.11
2016-02-25,90.16,1.1,-0.45,0.22,-0.1,-0.25
2016-02-26,88.1,-0.01,0.87,0.26,-0.53,0.02
2016-02-29,87.25,-0.69,0.7,0.26,0.13,0.43
2016-03-01,89.69,2.34,-0.64,0.3,-0.5,-0.54
2016-03-02,88.8,0.54,0.59,0.7,-0.7,-0.08
2016-03-03,87.83,0.51,0.56,0.65,0.31,0.4
2016-03-04,87.21,0.37,0.33,0.29,0.1,0.03
2016-03-07,89.65,0.21,1.32,0.55,-0.39,0.44
2016-03-08,88.66,-1.27,-1.26,-0.49,0.62,0.14
2016-03-09,87.83,0.5,0.11,0.38,0.18,0.11
2016-03-10,88.64,-0.11,-0.74,0.63,0.31,0.18
2016-03-11,89.65,1.69,0.29,0.19,-0.4,-0.32
2016-03-14,90.46,-0.12,-0.14,-0.87,0.01,-0.23
2016-03-15,89.44,-0.36,-1.42,0.67,0.46,0.07
2016-03-16,90.28,0.63,0.11,-0.04,0.56,-0.04
2016-03-17,89.53,0.72,0.97,0.59,0.15,0.67
2016-03-18,90.27,0.54,0.41,-0.19,-0.26,0.19
2016-03-21,92.67,0.1,-0.27,-0.31,-0.08,-0.35
2016-03-22,93.72,-0.05,-0.08,-0.44,-0.3,-0.26
2016-03-23,90.08,-0.86,-1.2,-0.09,0.61,0.01
2016-03-24,91.32,0.0,0.42,-0.05,0.05,-0.01
2016-03-28,92.46,0.04,-0.04,0.14,-0.04,0.25
2016-03-29,92.2,1.07,1.64,-1.18,0.19,-0.57
2016-03-30,91.97,0.41,-0.27,0.15,-0.06,0.01
2016-03-31,91.86,-0.11,0.41,-0.48,-0.12,-0.11
2016-04-01,94.12,0.64,-0.34,-0.62,-0.36,-0.14
2016-04-04,94.24,-0.41,-0.33,-0.74,-0.25,-0.23
2016-04-05,95.57,-0.94,-0.18,-0.36,0.06,0.18
2016-04-06,97.44,1.14,0.05,-0.82,-0.47,-0.63
2016-04-07,95.57,-1.23,-0.09,-0.35,-0.01,0.22
2016-04-08,96.09,0.29,0.12,0.69,0.36,0.28
2016-04-11,95.83,-0.28,0.01,0.95,-0.01,0.29
2016-04-12,97.24,0.99,0.01,0.85,0.04,-0.15
2016-04-13,97.19,1.23,0.95,0.35,-0.46,-0.35
2016-04-14,98.19,0.03,-0.26,0.18,-0.36,-0.11
2016-04-15,98.29,-0.04,0.31,-0.32,0.22,0.17
2016-04-18,99.2,0.65,0.13,-0.19,-0.16,-0.04
2016-04-19,99.44,0.29,-0.17,1.49,-0.24,0.37
2016-04-20,100.11,0.15,-0.01,0.53,-0.31,-0.12
2016-04-21,101.74,-0.47,-0.01,-0.59,-0.61,-0.34
2016-04-22,101.93,0.12,1.03,0.49,-0.09,0.96
2016-04-25,102.29,-0.24,-0.65,-0.18,0.07,-0.16
2016-04-26,101.33,0.29,0.82,0.78,0.33,0.61
2016-04-27,100.72,0.21,0.23,0.68,-0.19,0.79
2016-04-28,97.0,-0.96,-0.2,0.05,-0.48,0.56
2016-04-29,88.21,-0.5,-0.2,0.38,0.06,-0.24
2016-05-02,89.0,0.78,-0.04,-0.36,0.0,-0.09
2016-05-03,87.17,-1.05,-0.73,-0.5,0.54,0.03
2016-05-04,85.6,-0.66,-0.16,0.06,0.45,0.29
2016-05-05,85.86,-0.08,-0.53,0.09,0.1,0.02
2016-05-06,84.68,0.38,0.08,0.24,0.17,0.25
2016-05-09,85.67,0.05,0.19,-1.49,0.1,-0.5
2016-05-10,86.18,1.26,-0.38,0.47,-0.11,0.05
2016-05-11,83.9,-0.89,-0.33,0.78,-0.44,0.0
2016-05-12,82.76,-0.11,-0.59,0.14,0.38,0.12
2016-05-13,82.7,-0.82,0.28,-0.66,-0.55,-0.17
2016-05-16,83.61,0.99,0.2,-0.24,-0.05,-0.31
2016-05-17,82.76,-0.95,-0.68,0.61,-0.12,-0.1
2016-05-18,82.88,0.1,0.14,0.83,-1.34,-0.65
2016-05-19,82.14,-0.33,-0.31,-0.3,0.39,-0.01
2016-05-20,82.64,0.75,0.84,-0.3,-0.39,-0.38
2016-05-23,83.33,-0.18,0.24,-0.32,-0.21,0.08
2016-05-24,86.22,1.43,0.61,-0.34,-0.1,-0.39
2016-05-25,86.51,0.72,-0.13,0.57,0.21,-0.1
2016-05-26,85.29,-0.04,-0.16,-0.51,0.17,-0.22
2016-05-27,85.82,0.49,0.36,-0.22,-0.06,-0.09
2016-05-31,87.06,-0.01,0.45,-0.36,-0.17,-0.33
2016-06-01,86.58,0.2,0.64,-0.25,-0.26,0.08
2016-06-02,86.72,0.35,0.25,-0.59,-0.24,-0.08
2016-06-03,86.15,-0.38,-0.18,-0.1,0.53,0.14
2016-06-06,87.6,0.6,0.71,0.32,-0.19,-0.11
2016-06-07,87.5,0.12,0.23,0.11,0.34,0.22
2016-06-08,87.42,0.37,0.43,-0.11,0.05,-0.1
2016-06-09,85.77,-0.27,-0.43,-0.21,0.31,0.13
2016-06-10,84.45,-1.05,-0.38,-0.17,0.16,0.6
2016-06-13,83.98,-0.84,-0.37,0.1,-0.24,-0.04
2016-06-14,83.57,-0.19,0.14,-0.71,0.27,0.03
2016-06-15,83.04,-0.11,0.26,-0.06,-0.05,0.05
2016-06-16,83.51,0.24,-0.31,-0.4,0.28,0.35
2016-06-17,82.65,-0.3,0.07,0.94,0.4,0.62
2016-06-20,82.99,0.71,0.59,-0.01,-0.16,0.12
2016-06-21,81.79,0.21,-0.61,0.5,-0.2,0.0
2016-06-22,82.45,-0.2,-0.3,0.08,0.05,0.0
2016-06-23,83.37,1.45,0.54,0.43,-0.55,-0.2
2016-06-24,80.47,-3.7,0.02,-1.13,0.93,0.1
2016-06-27,78.25,-2.07,-1.06,-0.67,0.52,0.43
2016-06-28,82.31,1.76,-0.38,0.14,-0.61,-0.59
2016-06-29,82.27,1.8,0.31,-0.07,-0.11,-0.24
2016-06-30,83.42,1.42,0.38,0.45,-0.13,0.38
2016-07-01,84.86,0.24,0.47,-0.41,-0.13,0.23
2016-07-05,83.89,-0.85,-0.82,-1.36,0.57,-0.68
2016-07-06,85.73,0.62,0.17,-0.13,-0.11,-0.15
2016-07-07,85.47,0.02,0.34,-0.2,0.21,-0.29
2016-07-08,86.55,1.6,0.94,0.35,0.07,0.27
2016-07-11,86.25,0.43,0.69,0.25,0.3,-0.08
2016-07-12,86.63,0.75,0.73,1.0,-0.63,0.64
2016-07-13,85.75,-0.05,-0.46,0.51,0.54,0.0
2016-07-14,85.54,0.51,-0.42,0.45,-0.04,0.0
2016-07-15,86.67,-0.05,0.29,0.01,-0.3,0.0
2016-07-18,86.93,0.25,0.01,-0.12,0.09,-0.23
2016-07-19,85.44,-0.22,-0.62,0.05,0.47,-0.23
2016-07-20,86.66,0.48,0.39,-0.87,-0.03,-0.35
2016-07-21,87.24,-0.38,-0.08,-0.01,0.0,0.03
2016-07-22,86.55,0.48,0.28,-0.08,0.41,-0.25
2016-07-25,88.55,-0.27,-0.01,-0.24,0.51,-0.39
2016-07-26,81.05,0.13,0.61,0.54,-0.44,0.73
2016-07-27,81.79,-0.14,0.52,-0.42,-0.12,-0.56
2016-07-28,81.24,0.18,-0.45,-0.34,-0.06,-0.14
2016-07-29,79.47,0.17,-0.03,0.04,0.0,0.32
2016-08-01,80.46,-0.16,0.07,-0.87,0.69,-0.73
2016-08-02,79.57,-0.7,-0.63,0.17,-0.54,0.15
2016-08-03,80.09,0.45,0.57,0.83,-0.71,0.15
2016-08-04,79.77,0.05,0.07,-0.33,0.14,0.07
2016-08-05,80.41,0.93,0.56,0.87,-0.5,-0.36
2016-08-08,79.74,-0.06,0.1,0.57,0.0,0.43
2016-08-09,79.33,0.05,-0.05,-0.31,-0.13,-0.21
2016-08-10,78.9,-0.29,-0.45,-0.13,0.71,0.01
2016-08-11,79.57,0.54,0.15,0.04,-0.3,0.16
2016-08-12,79.66,-0.06,0.12,-0.18,-0.19,-0.28
2016-08-15,79.65,0.39,0.79,0.39,-0.27,0.35
2016-08-16,79.25,-0.57,-0.19,0.61,-0.1,0.3
2016-08-17,80.7,0.12,-0.49,0.25,0.08,0.07
2016-08-18,80.59,0.32,0.47,0.37,-0.54,0.33
2016-08-19,81.0,-0.11,0.1,-0.12,0.29,-0.15
2016-08-22,80.92,-0.02,0.22,-0.41,0.02,-0.36
2016-08-23,81.47,0.27,0.55,-0.01,0.03,0.06
2016-08-24,80.5,-0.56,-0.44,0.4,0.38,-0.07
2016-08-25,80.08,-0.08,0.22,0.48,-0.18,0.29
2016-08-26,79.77,-0.15,0.12,-0.13,-0.36,-0.19
2016-08-29,78.17,0.53,0.01,0.35,-0.1,0.21
2016-08-30,77.92,-0.14,0.21,0.31,-0.05,-0.3
2016-08-31,78.38,-0.24,-0.34,0.13,0.27,-0.35
2016-09-01,77.42,0.03,0.06,-0.49,0.15,-0.13
2016-09-02,76.89,0.53,0.42,0.36,-0.16,0.19
2016-09-06,77.88,0.26,0.0,-0.53,-0.71,-0.03
2016-09-07,78.22,0.09,0.6,0.03,-0.1,-0.24
2016-09-08,78.99,-0.18,0.03,0.57,-0.9,0.41
2016-09-09,78.05,-2.47,-0.55,0.31,0.08,-0.43
2016-09-12,78.85,1.44,-0.04,-0.47,-0.07,-0.19
2016-09-13,78.06,-1.48,-0.32,-0.47,0.63,-0.76
2016-09-14,77.62,-0.08,0.05,-0.83,0.14,-0.5
2016-09-15,78.84,1.07,0.3,-0.33,0.08,-0.22
2016-09-16,78.8,-0.36,0.29,-0.45,0.17,-0.21
2016-09-19,78.99,0.05,0.49,0.17,-0.04,0.35
2016-09-20,81.78,-0.02,-0.32,-0.51,-0.44,-0.11
2016-09-21,81.7,1.12,0.2,0.33,-0.37,0.51
2016-09-22,81.52,0.7,0.8,-0.06,0.04,0.14
2016-09-23,81.37,-0.6,-0.06,-0.19,0.51,-0.49
2016-09-26,80.62,-0.88,-0.29,-0.35,-0.19,0.19
2016-09-27,79.25,0.64,-0.13,-0.53,0.04,-0.4
2016-09-28,78.97,0.56,0.21,1.1,-1.19,1.12
2016-09-29,77.86,-0.98,-0.39,0.54,0.25,0.67
2016-09-30,79.12,0.88,0.42,0.35,-0.2,0.1
2016-10-03,78.03,-0.26,-0.04,-0.13,-0.02,0.14
2016-10-04,77.24,-0.46,0.05,0.09,0.17,-0.3
2016-10-05,77.57,0.58,0.4,0.78,-0.46,0.44
2016-10-06,76.21,-0.06,-0.22,0.37,0.42,0.23
2016-10-07,75.24,-0.38,-0.53,0.16,-0.21,-0.38
2016-10-10,75.49,0.52,0.55,0.01,-0.63,-0.21
2016-10-11,73.82,-1.3,-0.56,0.49,0.34,0.09
2016-10-12,73.03,0.06,-0.2,0.37,0.73,0.15
2016-10-13,73.06,-0.42,-0.74,-0.63,0.29,-0.13
2016-10-14,72.75,0.01,-0.33,0.57,0.11,0.09
2016-10-17,72.64,-0.29,-0.03,0.14,0.09,0.14
2016-10-18,73.41,0.6,-0.16,0.03,-0.32,-0.29
2016-10-19,73.34,0.25,0.12,0.91,-0.13,0.46
2016-10-20,74.31,-0.16,-0.05,-0.11,-0.48,-0.04
2016-10-21,74.29,0.02,-0.18,-0.31,0.19,-0.17
2016-10-24,74.15,0.54,0.07,-0.17,0.6,-0.49
2016-10-25,74.41,-0.46,-0.6,0.23,0.05,0.0
2016-10-26,75.38,-0.23,-0.74,0.74,0.09,0.55
2016-10-27,75.83,-0.33,-0.95,0.6,-0.09,-0.03
2016-10-28,73.88,-0.29,-0.11,0.11,-0.05,0.33
2016-10-31,73.63,0.02,0.08,0.13,0.6,-0.31
2016-11-01,74.07,-0.68,-0.36,0.18,-0.54,-0.07
2016-11-02,72.51,-0.73,-0.58,0.36,0.95,0.15
2016-11-03,71.76,-0.4,-0.38,1.02,0.12,0.79
2016-11-04,72.43,-0.12,0.84,-0.43,-0.09,-0.06
2016-11-07,74.0,2.23,0.18,-0.16,-0.27,-0.17
2016-11-08,74.04,0.4,-0.11,-0.2,-0.05,0.3
2016-11-09,78.47,1.46,2.07,1.0,-0.72,0.74
2016-11-10,77.84,0.32,1.45,1.81,-0.14,0.39
2016-11-11,76.42,0.18,2.51,-0.04,0.16,-0.33
2016-11-14,76.75,0.21,0.87,1.43,-0.12,0.35
2016-11-15,76.35,0.8,-0.56,0.14,-0.64,0.17
2016-11-16,76.0,-0.12,0.23,-0.55,0.83,-0.17
2016-11-17,75.58,0.56,0.16,-0.13,0.26,-0.46
2016-11-18,74.62,-0.16,0.57,0.39,-0.21,0.09
2016-11-21,74.98,0.77,-0.27,0.08,-0.14,0.3
2016-11-22,74.46,0.31,0.62,0.58,0.82,0.31
2016-11-23,75.3,0.16,0.57,0.19,-0.3,0.18
2016-11-25,75.44,0.4,-0.07,-0.24,0.23,-0.15
2016-11-28,74.54,-0.64,-0.77,0.06,0.65,-0.35
2016-11-29,74.87,0.11,-0.39,-0.06,0.54,-0.5
2016-11-30,73.7,-0.25,-0.19,2.25,-1.63,1.96
2016-12-01,72.84,-0.36,-0.4,2.05,0.28,0.62
2016-12-02,72.42,0.0,-0.01,-0.32,-0.09,0.07
2016-12-05,72.36,0.75,1.12,0.29,-0.25,-0.17
2016-12-06,72.47,0.48,0.65,0.23,-0.14,-0.1
2016-12-07,72.78,1.26,-0.5,0.53,0.88,-0.01
2016-12-08,72.02,0.36,1.24,0.59,-0.26,-0.1
2016-12-09,72.7,0.46,-0.36,0.12,-0.06,-0.06
2016-12-12,73.47,-0.3,-0.96,-0.1,-0.01,0.05
2016-12-13,74.84,0.6,-0.57,-0.29,0.01,-0.17
2016-12-14,75.71,-0.82,-0.37,-0.28,0.53,-0.51
2016-12-15,75.55,0.46,0.44,0.28,0.03,0.05
2016-12-16,74.1,-0.22,-0.03,-0.42,-0.27,0.01
2016-12-19,74.4,0.22,0.34,0.08,0.29,0.02
2016-12-20,74.05,0.44,0.5,0.68,0.12,0.09
2016-12-21,73.96,-0.24,-0.35,0.24,0.12,0.06
2016-12-22,73.3,-0.3,-0.77,0.24,-0.25,0.06
2016-12-23,73.64,0.19,0.52,-0.51,-0.36,-0.14
2016-12-27,73.73,0.27,0.23,0.13,0.16,0.03
2016-12-28,72.77,-0.87,-0.3,0.09,0.14,-0.17
2016-12-29,72.13,-0.04,0.09,-0.31,0.25,0.04
2016-12-30,71.61,-0.52,-0.05,0.21,-0.14,0.06
2017-01-03,74.16,0.83,-0.09,0.08,-0.25,0.27
2017-01-04,76.38,0.79,0.97,-0.15,-0.4,-0.03
2017-01-05,76.01,-0.21,-1.0,-0.8,-0.15,-0.08
2017-01-06,75.49,0.29,-0.71,-0.31,-0.29,-0.29
2017-01-09,75.84,-0.37,-0.31,-1.04,0.2,-0.52
2017-01-10,75.01,0.16,1.01,0.56,-0.03,0.07
2017-01-11,73.77,0.31,-0.23,0.53,0.16,0.27
2017-01-12,73.36,-0.3,-0.65,-0.88,0.06,-0.29
2017-01-13,73.07,0.29,0.61,-0.08,-0.27,-0.15
2017-01-17,71.91,-0.49,-0.98,-0.59,0.44,0.41
2017-01-18,72.13,0.24,0.21,0.23,0.01,-0.09
2017-01-19,71.57,-0.38,-0.54,-0.03,-0.04,-0.03
2017-01-20,71.01,0.33,0.07,0.18,0.12,-0.01
2017-01-23,70.69,-0.29,-0.06,-0.3,0.44,-0.37
2017-01-24,70.25,0.83,0.78,0.8,-0.14,0.51
2017-01-25,71.91,0.84,0.2,0.35,-0.15,-0.14
2017-01-26,71.22,-0.1,-0.58,0.38,-0.09,-0.17
2017-01-27,71.26,-0.12,-0.03,-0.66,0.1,0.06
2017-01-30,71.51,-0.68,-0.72,-0.42,0.65,-0.15
2017-01-31,72.45,0.0,0.83,-0.55,-0.39,-0.21
2017-02-01,72.82,0.04,-0.05,0.03,0.26,-0.24
2017-02-02,72.25,-0.02,-0.33,-0.31,-0.35,0.2
2017-02-03,72.34,0.82,0.65,0.64,-0.49,0.36
2017-02-06,72.39,-0.27,-0.61,-0.2,0.04,-0.21
2017-02-07,73.13,-0.01,-0.37,-0.52,0.44,-0.23
2017-02-08,66.83,0.06,-0.28,-0.53,0.34,-0.1
2017-02-09,65.59,0.72,0.72,0.03,-0.27,0.04
2017-02-10,66.36,0.38,0.39,0.12,-0.02,0.15
2017-02-13,67.65,0.49,-0.27,0.33,0.06,0.05
2017-02-14,67.55,0.45,-0.16,0.33,-0.41,-0.07
2017-02-15,69.8,0.54,0.13,-0.44,0.21,-0.08
2017-02-16,70.31,-0.16,-0.2,-0.04,0.36,-0.22
2017-02-17,69.85,0.2,-0.07,-0.57,0.1,-0.38
2017-02-21,69.29,0.6,0.04,0.13,0.32,0.34
2017-02-22,68.83,-0.15,-0.37,0.11,0.55,-0.34
2017-02-23,69.37,-0.11,-0.72,0.26,-0.29,-0.45
2017-02-24,69.94,0.15,-0.08,-0.92,0.35,-0.21
2017-02-27,70.5,0.22,0.84,-0.34,-0.38,-0.11
2017-02-28,70.48,-0.42,-1.34,0.2,-0.03,-0.16
2017-03-01,70.19,1.47,0.54,0.72,-0.4,0.55
2017-03-02,70.53,-0.7,-0.56,-0.89,0.57,-0.47
2017-03-03,70.74,0.09,-0.17,0.15,-0.02,-0.08
2017-03-06,70.12,-0.38,-0.41,-0.1,-0.06,0.0
2017-03-07,69.02,-0.36,-0.35,-0.05,0.12,-0.24
2017-03-08,69.7,-0.19,-0.17,-0.82,0.53,-0.72
2017-03-09,68.39,0.04,-0.52,-0.28,-0.6,-0.16
2017-03-10,68.19,0.34,0.05,-0.39,0.27,0.02
2017-03-13,68.1,0.13,0.33,-0.02,-0.11,0.05
2017-03-14,67.77,-0.36,-0.22,0.02,0.51,-0.24
2017-03-15,68.47,0.86,0.71,-0.41,-0.16,0.55
2017-03-16,68.54,-0.06,0.44,0.24,-0.08,-0.37
2017-03-17,69.06,-0.08,0.56,-0.26,0.19,-0.03
2017-03-20,68.71,-0.25,-0.16,-0.75,-0.18,-0.04
2017-03-21,67.74,-1.48,-1.41,-0.69,0.77,0.29
2017-03-22,67.83,0.16,-0.33,-0.54,0.18,-0.12
2017-03-23,67.49,-0.03,0.74,0.46,-0.01,0.19
2017-03-24,67.51,-0.05,0.11,-0.24,-0.28,-0.32
2017-03-27,67.5,-0.05,0.47,-0.52,-0.23,-0.28
2017-03-28,67.1,0.72,-0.06,0.71,0.01,0.38
2017-03-29,67.26,0.18,0.32,-0.07,-0.34,0.13
2017-03-30,67.53,0.36,0.4,0.93,-0.12,-0.14
2017-03-31,67.92,-0.16,0.55,-0.3,0.1,0.08
2017-04-03,67.1,-0.28,-1.15,-0.11,-0.17,-0.08
2017-04-04,66.98,0.05,-0.24,0.31,-0.12,0.16
2017-04-05,66.47,-0.44,-0.83,-0.3,0.4,-0.08
2017-04-06,66.48,0.32,0.75,0.49,-0.13,0.36
2017-04-07,66.58,-0.08,0.08,-0.26,0.03,-0.03
2017-04-10,66.42,0.08,0.15,0.1,0.17,0.48
2017-04-11,66.02,-0.05,0.8,0.25,0.2,0.19
2017-04-12,66.22,-0.49,-0.94,-0.52,-0.08,-0.54
2017-04-13,66.51,-0.75,-0.33,-0.79,0.03,-0.35
2017-04-17,66.7,0.89,0.29,0.22,0.09,-0.14
2017-04-18,66.06,-0.25,0.3,-0.16,0.34,0.11
2017-04-19,66.28,-0.08,0.56,-0.38,0.45,-0.84
2017-04-20,66.5,0.83,0.58,0.27,0.3,-0.19
2017-04-21,65.93,-0.28,0.05,-0.13,0.35,-0.21
2017-04-24,66.25,1.18,0.27,0.52,-0.01,0.14
2017-04-25,67.12,0.66,0.39,-0.05,-0.38,0.29
2017-04-26,68.22,0.04,0.75,0.32,0.23,0.01
2017-04-27,68.58,0.05,-0.21,-0.96,0.23,-0.59
2017-04-28,68.55,-0.3,-0.74,-0.59,0.02,-0.21
2017-05-01,68.11,0.21,0.25,-0.13,-0.16,-0.51
2017-05-02,68.59,0.03,-0.46,-0.21,0.43,-0.34
2017-05-03,67.21,-0.19,-0.52,0.2,-0.04,0.11
2017-05-04,68.08,0.02,-0.11,-0.35,0.47,-0.71
2017-05-05,67.8,0.46,0.09,0.04,-0.27,0.64
2017-05-08,67.21,-0.04,-0.23,0.29,0.01,0.02
2017-05-09,67.61,-0.05,0.39,-0.79,0.38,-0.36
2017-05-10,66.92,0.21,0.25,0.01,-0.33,0.35
2017-05-11,66.71,-0.26,-0.4,-0.14,-0.33,-0.02
2017-05-12,66.06,-0.18,-0.38,-0.62,-0.27,-0.33
2017-05-15,65.95,0.53,0.26,0.19,-0.33,0.03
2017-05-16,65.72,-0.03,0.11,-0.09,-0.22,-0.14
2017-05-17,64.51,-1.97,-0.98,-0.53,0.51,0.3
2017-05-18,64.43,0.4,-0.01,-0.4,-0.32,-0.6
2017-05-19,64.23,0.7,-0.32,0.41,-0.09,0.77
2017-05-22,64.36,0.56,0.25,-0.31,0.03,-0.33
2017-05-23,64.69,0.18,-0.01,0.61,-0.24,0.09
2017-05-24,64.31,0.24,-0.22,-0.49,0.18,-0.31
2017-05-25,64.56,0.42,-0.35,-0.77,0.67,-0.62
2017-05-26,64.5,0.06,-0.02,0.09,0.2,0.15
2017-05-30,64.49,-0.19,-0.54,-0.32,0.67,-0.01
2017-05-31,64.89,-0.02,-0.05,-0.56,0.32,-0.08
2017-06-01,64.62,0.95,1.0,0.04,-0.22,0.04
2017-06-02,65.4,0.35,0.41,-0.8,0.3,-0.49
2017-06-05,65.48,-0.17,-0.46,0.0,-0.2,0.02
2017-06-06,64.85,-0.28,0.1,-0.07,-0.57,0.35
2017-06-07,64.32,0.15,-0.13,0.02,0.56,-0.68
2017-06-08,64.12,0.18,1.2,0.92,-0.68,-0.03
2017-06-09,64.7,-0.12,0.28,2.39,-0.22,1.12
2017-06-12,65.43,-0.11,-0.19,0.35,0.01,0.61
2017-06-13,65.15,0.55,0.06,-0.14,-0.28,-0.09
2017-06-14,64.99,-0.17,-0.54,-0.55,0.18,-0.51
2017-06-15,64.81,-0.3,-0.3,-0.12,0.04,-0.07
2017-06-16,64.12,-0.03,-0.25,-0.18,-0.55,0.14
2017-06-19,64.82,0.86,0.11,-0.75,0.01,-0.08
2017-06-20,65.59,-0.73,-0.44,-0.51,-0.2,-0.25
2017-06-21,67.5,-0.07,-0.22,-1.69,-0.12,-1.15
2017-06-22,70.48,0.02,0.46,-0.42,-0.1,-0.05
2017-06-23,70.52,0.24,0.74,-0.5,-0.39,0.04
2017-06-26,71.24,0.04,0.07,0.69,0.25,0.19
2017-06-27,70.65,-0.85,-0.21,1.33,0.35,0.33
2017-06-28,71.92,1.02,0.8,0.21,-0.14,-0.08
2017-06-29,70.86,-0.83,0.08,1.38,-0.24,0.35
2017-06-30,70.78,0.14,-0.1,-0.24,0.21,0.29
2017-07-03,70.7,0.24,0.46,1.21,-0.53,0.65
2017-07-05,70.86,0.12,-0.71,-0.57,0.14,-0.69
2017-07-06,69.48,-0.95,-0.45,0.12,0.21,-0.03
2017-07-07,69.25,0.7,0.4,-0.41,0.22,-0.52
2017-07-10,69.29,0.05,-0.44,-0.09,-0.12,-0.11
2017-07-11,69.35,0.0,0.31,-0.53,-0.31,0.15
2017-07-12,69.8,0.72,0.06,-0.53,0.11,-0.23
2017-07-13,70.58,0.17,-0.01,0.36,0.03,0.2
2017-07-14,70.57,0.42,-0.22,-0.51,0.18,0.03
2017-07-17,71.15,0.0,0.22,0.13,0.19,0.07
2017-07-18,71.69,0.04,-0.38,-0.33,-0.1,-0.41
2017-07-19,72.72,0.59,0.48,0.03,-0.24,0.13
2017-07-20,73.42,-0.01,0.05,-0.01,0.1,-0.23
2017-07-21,73.76,-0.08,-0.44,-0.28,0.04,-0.28
2017-07-24,74.39,-0.03,0.12,-0.2,-0.2,-0.38
2017-07-25,73.74,0.38,0.44,0.92,-0.18,0.7
2017-07-26,74.19,-0.06,-0.46,-0.7,-0.18,0.04
2017-07-27,74.96,-0.14,-0.64,0.45,0.25,0.42
2017-07-28,75.94,-0.17,-0.08,0.24,-0.2,0.18
2017-07-31,76.09,-0.11,-0.26,0.44,-0.12,0.15
2017-08-01,75.7,0.24,-0.18,0.18,0.24,-0.48
2017-08-02,75.84,-0.08,-1.15,0.15,0.08,-0.35
2017-08-03,74.37,-0.21,-0.34,-0.29,0.3,-0.27
2017-08-04,73.16,0.25,0.34,0.36,-0.15,0.03
2017-08-07,73.44,0.16,-0.1,-0.61,0.29,-0.37
2017-08-08,73.27,-0.24,-0.1,0.21,-0.32,-0.14
2017-08-09,73.9,-0.14,-0.8,-0.1,0.1,0.04
2017-08-10,72.7,-1.49,-0.31,0.26,0.25,0.13
2017-08-11,72.4,0.2,0.17,-0.88,0.38,-0.12
2017-08-14,72.81,1.03,0.28,0.06,0.0,-0.45
2017-08-15,73.12,-0.11,-0.86,-0.04,-0.15,-0.25
2017-08-16,73.35,0.18,-0.15,-0.45,0.32,-0.13
2017-08-17,72.34,-1.59,-0.16,-0.15,-0.03,0.13
2017-08-18,72.11,-0.15,0.14,0.21,-0.27,-0.01
2017-08-21,72.6,0.06,-0.29,-0.22,0.17,-0.09
2017-08-22,73.34,1.06,-0.02,-0.25,-0.2,0.11
2017-08-23,73.74,-0.32,0.14,0.4,-0.48,0.09
2017-08-24,74.02,-0.14,0.58,0.18,-0.47,0.09
2017-08-25,73.79,0.18,0.18,0.58,0.16,0.26
2017-08-28,74.69,0.08,0.32,-0.74,0.21,-0.19
2017-08-29,75.74,0.1,0.09,-0.39,0.03,0.1
2017-08-30,81.23,0.53,0.01,-0.32,0.1,-0.46
2017-08-31,83.71,0.62,0.39,-0.42,-0.29,-0.1
2017-09-01,83.75,0.27,0.44,0.44,-0.06,0.35
2017-09-05,82.56,-0.81,-0.01,-0.95,-0.07,0.54
2017-09-06,82.95,0.28,-0.02,0.13,-0.32,0.09
2017-09-07,85.47,-0.07,0.02,-0.93,0.01,0.08
2017-09-08,85.1,-0.16,0.12,0.36,0.25,-0.14
2017-09-11,84.52,1.08,-0.08,0.63,-0.33,-0.11
2017-09-12,84.51,0.43,0.35,0.71,0.11,0.18
2017-09-13,83.68,0.11,0.31,0.36,-0.33,0.09
2017-09-14,82.29,-0.12,-0.05,-0.07,-0.32,0.23
2017-09-15,82.36,0.19,0.24,0.12,0.3,0.0
2017-09-18,82.97,0.24,0.41,0.2,-0.47,0.21
2017-09-19,82.29,0.15,-0.21,0.35,0.02,0.07
2017-09-20,82.64,0.16,0.29,0.52,-0.18,0.31
2017-09-21,82.62,-0.28,0.17,0.37,-0.02,-0.08
2017-09-22,83.27,0.12,0.43,0.12,0.36,0.28
2017-09-25,83.61,-0.25,0.35,0.63,-0.26,0.65
2017-09-26,83.76,0.05,0.45,0.13,0.59,-0.12
2017-09-27,83.86,0.63,1.41,0.17,-0.25,-0.53
2017-09-28,80.91,0.13,0.15,-0.07,-0.11,-0.2
2017-09-29,81.02,0.35,-0.12,-0.28,-0.06,-0.35
2017-10-02,83.52,0.5,0.87,0.16,-0.19,0.26
2017-10-03,83.19,0.26,-0.03,-0.02,-0.04,-0.1
2017-10-04,82.42,0.05,-0.35,-0.45,-0.11,0.0
2017-10-05,83.51,0.55,-0.31,0.35,-0.28,-0.17
2017-10-06,82.14,-0.08,-0.1,-0.25,0.18,-0.36
2017-10-09,81.98,-0.22,-0.3,-0.05,0.1,-0.18
2017-10-10,83.04,0.24,0.01,0.41,0.09,0.08
2017-10-11,82.57,0.16,-0.26,-0.22,-0.1,-0.07
2017-10-12,81.3,-0.18,-0.1,-0.51,0.18,0.11
2017-10-13,81.17,0.04,-0.27,0.11,0.19,-0.01
2017-10-16,79.95,0.17,-0.27,0.37,0.0,-0.08
2017-10-17,80.24,0.01,-0.34,-0.27,0.35,-0.18
2017-10-18,80.01,0.14,0.35,0.21,0.36,-0.14
2017-10-19,81.59,0.02,-0.34,0.17,0.12,0.04
2017-10-20,81.21,0.57,0.02,0.28,0.12,0.04
2017-10-23,80.17,-0.45,-0.38,0.12,0.27,-0.25
2017-10-24,80.1,0.2,-0.1,0.47,0.02,-0.15
2017-10-25,79.89,-0.51,0.01,0.11,0.23,-0.42
2017-10-26,77.88,0.2,0.07,0.23,0.19,-0.16
2017-10-27,77.07,0.82,-0.08,-1.02,0.14,-1.32
2017-10-30,75.99,-0.46,-0.76,-0.06,-0.58,-0.43
2017-10-31,74.96,0.23,0.75,-0.22,-0.17,0.22
2017-11-01,74.83,0.05,-0.8,0.15,-0.09,-0.07
2017-11-02,73.81,0.06,-0.01,0.49,-0.23,0.34
2017-11-03,73.46,0.31,-0.53,-0.7,-0.16,-0.17
2017-11-06,72.38,0.06,0.16,0.19,-0.62,0.03
2017-11-07,73.21,-0.2,-1.41,-0.37,0.41,-0.03
2017-11-08,73.1,0.12,-0.03,-0.62,0.6,-0.01
2017-11-09,73.02,-0.41,0.0,0.22,-0.01,0.1
2017-11-10,73.77,0.01,0.05,-0.38,0.2,0.15
2017-11-13,72.85,0.09,-0.3,0.02,0.07,-0.74
2017-11-14,71.15,-0.22,-0.08,0.0,0.95,-0.4
2017-11-15,71.81,-0.52,0.04,0.24,-0.08,0.15
2017-11-16,72.41,1.01,0.78,-0.52,0.52,0.32
2017-11-17,72.44,-0.14,0.73,0.29,-0.16,0.35
2017-11-20,72.13,0.21,0.62,0.0,0.27,-0.01
2017-11-21,72.51,0.67,0.35,-0.35,0.04,-0.62
2017-11-22,72.82,-0.05,0.09,-0.03,-0.26,0.16
2017-11-24,72.46,0.21,0.01,-0.45,0.04,-0.09
2017-11-27,71.7,-0.06,-0.32,0.03,0.59,-0.1
2017-11-28,72.59,1.06,0.57,0.86,0.32,0.03
2017-11-29,73.67,0.02,0.3,1.44,0.81,0.6
2017-11-30,74.78,0.82,-0.6,-0.51,-0.19,0.02
2017-12-01,75.34,-0.22,-0.33,0.37,-0.43,0.33
2017-12-04,73.09,-0.1,-0.14,1.23,1.0,0.57
2017-12-05,73.29,-0.43,-0.45,-0.24,0.18,-0.11
2017-12-06,73.29,-0.09,-0.52,-0.52,0.42,-0.5
2017-12-07,72.72,0.42,0.28,-0.17,-0.27,0.07
2017-12-08,74.22,0.51,-0.42,-0.13,-0.08,0.07
2017-12-11,75.88,0.26,-0.41,-0.14,-0.08,0.07
2017-12-12,76.09,0.07,-0.47,0.52,0.03,0.1
2017-12-13,76.58,0.02,0.62,-0.88,0.27,-0.07
2017-12-14,74.34,-0.47,-0.75,-0.21,-0.15,-0.12
2017-12-15,75.57,0.92,0.68,0.03,0.4,-0.51
2017-12-18,75.13,0.67,0.82,0.26,0.26,0.16
2017-12-19,74.35,-0.3,-0.34,-0.26,0.26,0.38
2017-12-20,74.01,0.01,0.38,0.05,-0.17,0.27
2017-12-21,73.02,0.24,0.32,0.63,-0.75,0.32
2017-12-22,72.71,-0.07,-0.21,-0.2,-0.13,0.2
2017-12-26,72.7,-0.07,0.32,-0.06,-0.17,0.57
2017-12-27,72.98,0.05,-0.16,-0.19,0.08,-0.12
2017-12-28,72.48,0.22,0.09,0.04,-0.15,-0.2
2017-12-29,71.64,-0.57,-0.3,0.02,0.17,0.15
2018-01-02,74.1,0.85,0.31,-0.22,-0.45,0.22
2018-01-03,74.66,0.59,-0.48,-0.21,-0.75,-0.08
2018-01-04,73.9,0.42,-0.23,0.24,-0.04,0.3
2018-01-05,74.52,0.66,-0.36,-0.27,0.39,-0.36
2018-01-08,74.4,0.19,-0.21,0.07,-0.1,0.04
2018-01-09,78.1,0.15,-0.37,-0.02,-0.15,-0.06
2018-01-10,78.71,-0.07,0.14,0.58,-0.34,0.0
2018-01-11,79.06,0.87,1.14,0.29,-0.11,0.47
2018-01-12,79.02,0.66,-0.32,0.17,-0.11,0.15
2018-01-16,80.25,-0.49,-1.01,-0.02,0.39,-0.33
2018-01-17,81.74,0.95,-0.07,-0.15,-0.08,-0.03
2018-01-18,81.17,-0.18,-0.45,-0.25,0.27,-0.29
2018-01-19,80.98,0.57,0.94,-0.07,0.1,0.14
2018-01-22,81.41,0.77,-0.34,-0.14,-0.52,0.19
2018-01-23,80.95,0.22,0.07,-0.33,-0.28,-0.25
2018-01-24,81.3,-0.13,-0.7,0.39,0.01,0.14
2018-01-25,81.19,0.07,0.12,-0.49,0.13,-0.17
2018-01-26,85.46,1.11,-0.64,-0.5,0.38,-0.18
2018-01-29,88.8,-0.62,-0.02,-0.26,0.18,-0.29
2018-01-30,87.29,-1.06,0.1,-0.17,0.34,-0.33
2018-01-31,83.8,-0.07,-0.66,0.06,0.22,-0.08
2018-02-01,83.49,0.03,0.15,0.5,-0.58,0.03
2018-02-02,81.73,-2.13,-0.01,-0.27,0.56,-0.44
2018-02-05,78.37,-4.03,0.64,-0.56,0.21,-0.16
2018-02-06,80.38,1.67,-0.47,-0.23,0.1,-0.19
2018-02-07,82.76,-0.37,0.57,0.26,0.33,0.32
2018-02-08,78.22,-3.67,0.82,0.48,0.37,0.09
2018-02-09,79.32,1.36,-0.57,0.11,0.17,-0.47
2018-02-12,80.14,1.36,-0.44,-0.29,-0.23,-0.19
2018-02-13,80.79,0.31,0.1,-0.23,0.19,-0.03
2018-02-14,81.82,1.52,0.3,0.46,-0.67,-0.07
2018-02-15,81.55,1.21,-0.17,-0.65,0.15,-0.29
2018-02-16,80.7,0.03,0.35,0.13,0.0,0.09
2018-02-20,80.94,-0.62,-0.28,-0.25,-0.22,-0.52
2018-02-21,80.69,-0.43,0.8,0.2,0.09,-0.28
2018-02-22,79.4,0.01,-0.05,-0.39,0.09,0.45
2018-02-23,80.91,1.54,-0.36,-0.14,-0.13,-0.1
2018-02-26,81.79,1.12,-0.46,-0.07,-0.15,-0.23
2018-02-27,80.36,-1.25,-0.2,0.01,-0.03,-0.05
2018-02-28,78.73,-1.1,-0.43,-0.31,0.24,-0.27
2018-03-01,77.53,-1.18,0.96,-0.04,-0.27,0.05
2018-03-02,78.69,0.7,1.1,-0.5,-0.4,-0.39
2018-03-05,77.92,1.06,-0.41,0.25,-0.6,0.09
2018-03-06,79.32,0.36,0.68,0.1,0.27,-0.02
2018-03-07,79.99,0.05,0.78,-0.45,-0.08,-0.43
2018-03-08,80.07,0.37,-0.58,-0.33,-0.03,-0.18
2018-03-09,80.72,1.7,-0.2,0.28,-0.25,-0.04
2018-03-12,81.06,-0.09,0.43,-0.06,-0.35,-0.23
2018-03-13,81.72,-0.67,0.1,0.0,0.45,0.05
2018-03-14,81.1,-0.53,0.15,-0.54,-0.11,-0.42
2018-03-15,79.51,-0.18,-0.41,0.31,0.07,-0.14
2018-03-16,79.74,0.25,0.47,0.2,0.05,0.32
2018-03-19,77.18,-1.38,0.4,0.41,0.37,0.12
2018-03-20,76.92,0.15,-0.12,-0.38,-0.03,-0.11
2018-03-21,76.49,-0.06,0.7,0.45,-1.09,0.8
2018-03-22,75.57,-2.54,0.39,-0.46,0.21,0.04
2018-03-23,72.84,-2.09,0.1,-0.2,0.08,0.73
2018-03-26,75.54,2.67,-0.64,0.02,0.05,-0.6
2018-03-27,74.11,-1.87,-0.24,0.4,0.71,0.55
2018-03-28,74.78,-0.35,0.18,0.65,0.71,0.07
2018-03-29,75.39,1.41,-0.28,-0.21,-0.34,-0.18
2018-04-02,73.14,-2.29,-0.07,0.39,0.11,-0.09
2018-04-03,73.75,1.24,-0.04,0.17,0.26,0.12
2018-04-04,75.4,1.17,0.33,-0.32,0.07,-0.14
2018-04-05,74.82,0.75,0.06,0.48,0.12,0.25
2018-04-06,73.41,-2.19,0.38,-0.06,0.11,0.04
2018-04-09,73.8,0.3,-0.25,-0.5,-0.76,-0.31
2018-04-10,75.02,1.77,0.34,-0.12,-0.83,0.37
2018-04-11,74.33,-0.49,0.8,-0.31,-0.61,0.27
2018-04-12,75.29,0.84,-0.16,0.19,-0.2,0.0
2018-04-13,75.22,-0.37,-0.11,-0.25,-0.13,0.14
2018-04-16,74.69,0.82,0.14,-0.04,0.82,0.03
2018-04-17,75.47,1.09,0.01,-1.18,-0.21,-0.46
2018-04-18,75.68,0.13,0.24,0.01,-0.23,0.42
2018-04-19,74.44,-0.49,-0.29,1.08,-0.48,0.1
2018-04-20,73.7,-0.81,0.11,0.62,-0.58,0.28
2018-04-23,74.01,-0.05,-0.07,0.2,0.31,0.07
2018-04-24,72.72,-1.3,0.63,0.98,0.09,0.23
2018-04-25,73.25,0.1,-0.28,0.01,0.4,0.16
2018-04-26,73.9,0.96,-0.54,-0.85,-0.48,-0.48
2018-04-27,73.86,0.01,-0.27,0.07,0.63,0.09
2018-04-30,72.23,-0.8,-0.05,-0.07,-0.48,-0.02
2018-05-01,72.56,0.24,0.25,-0.53,0.01,-0.97
2018-05-02,66.88,-0.63,1.24,-0.28,0.01,-0.03
2018-05-03,65.19,-0.25,-0.58,-0.17,0.0,-0.1
2018-05-04,65.42,1.3,-0.03,-0.23,-0.38,0.06
2018-05-07,64.88,0.42,0.39,-0.36,-0.52,-0.32
2018-05-08,65.22,0.07,0.49,0.26,-0.25,0.14
2018-05-09,65.69,0.89,-0.23,0.24,-0.88,-0.01
2018-05-10,65.37,0.84,-0.37,-0.04,0.25,-0.33
2018-05-11,66.16,0.19,0.11,-0.37,0.2,0.13
2018-05-14,67.05,0.05,-0.28,0.12,-0.18,0.5
2018-05-15,66.99,-0.55,0.71,0.41,-0.08,0.43
2018-05-16,67.55,0.49,0.68,-0.24,0.36,0.1
2018-05-17,67.6,0.02,0.87,0.25,-0.32,0.3
2018-05-18,68.02,-0.23,0.46,-0.58,0.05,-0.2
2018-05-21,67.63,0.72,-0.19,0.44,0.2,0.07
2018-05-22,67.83,-0.42,-0.66,0.59,-0.29,-0.39
2018-05-23,68.17,0.29,-0.07,-0.72,-0.04,-0.37
2018-05-24,67.53,-0.16,0.32,-0.31,0.48,0.09
2018-05-25,67.38,-0.21,0.22,-0.4,0.61,-0.52
2018-05-29,67.33,-1.03,1.1,-1.03,0.17,-0.03
2018-05-30,67.69,1.31,0.05,0.35,-0.7,0.2
2018-05-31,67.4,-0.7,0.04,-0.4,-0.51,-0.16
2018-06-01,68.3,1.06,-0.21,-0.13,-0.02,-0.17
2018-06-04,70.21,0.48,0.14,-0.46,1.03,-0.29
2018-06-05,70.06,0.16,0.79,-0.41,0.22,0.12
2018-06-06,71.97,0.86,-0.28,0.17,-0.02,0.15
2018-06-07,71.9,-0.14,-0.24,0.92,0.13,0.59
2018-06-08,71.91,0.31,0.04,-0.4,0.24,-0.19
2018-06-11,71.83,0.12,0.15,-0.16,0.22,0.24
2018-06-12,71.68,0.23,0.19,-0.61,0.07,-0.17
2018-06-13,71.29,-0.33,0.06,-0.21,-0.47,-0.16
2018-06-14,71.15,0.27,0.2,-0.99,0.0,-0.59
2018-06-15,70.23,-0.08,0.1,-0.25,0.64,-0.15
2018-06-18,69.06,-0.09,0.76,0.09,-0.41,0.04
2018-06-19,70.94,-0.38,0.51,-0.18,-0.25,-0.37
2018-06-20,71.46,0.23,0.66,-0.52,-0.11,0.08
2018-06-21,71.52,-0.73,-0.57,0.32,0.44,0.13
2018-06-22,71.07,0.11,-0.05,0.44,-0.57,0.86
2018-06-25,71.14,-1.48,-0.48,0.56,0.56,0.14
2018-06-26,70.25,0.27,0.51,-0.2,-0.51,0.1
2018-06-27,68.64,-1.02,-0.99,0.39,-0.12,0.52
2018-06-28,70.33,0.58,-0.19,-0.51,-0.17,-0.56
2018-06-29,70.84,0.07,-0.23,-0.24,-0.21,0.01
2018-07-02,71.28,0.36,0.45,-0.35,-0.01,-0.53
2018-07-03,71.33,-0.44,0.75,0.08,-0.31,0.46
2018-07-05,72.81,0.87,0.39,-0.4,0.35,-0.17
2018-07-06,75.21,0.87,0.0,-0.37,-0.23,-0.12
2018-07-09,76.64,0.93,-0.28,0.77,0.0,-0.19
2018-07-10,76.75,0.21,-0.84,-0.08,0.1,0.27
2018-07-11,76.02,-0.69,-0.05,-0.52,-0.09,-0.32
2018-07-12,77.6,0.86,-0.41,-1.09,-0.02,-0.49
2018-07-13,77.38,0.08,-0.17,-0.28,0.35,0.19
2018-07-16,77.26,-0.16,-0.61,0.84,-0.2,-0.16
2018-07-17,77.2,0.48,0.15,-0.69,0.13,-0.23
2018-07-18,77.12,0.27,-0.14,0.6,-0.16,-0.14
2018-07-19,77.05,-0.34,0.93,-0.37,0.21,0.04
2018-07-20,77.37,-0.1,-0.16,0.08,0.09,-0.24
2018-07-23,77.38,0.15,-0.18,0.37,-0.21,-0.2
2018-07-24,77.65,0.22,-1.33,0.52,0.46,0.1
2018-07-25,78.92,0.83,-0.58,-1.21,0.05,-0.31
2018-07-26,78.16,-0.2,0.75,0.61,-0.02,0.61
2018-07-27,76.81,-0.82,-1.2,1.15,0.51,0.52
2018-07-30,76.32,-0.7,-0.02,1.67,0.25,1.01
2018-07-31,77.83,0.51,0.69,-0.96,0.31,0.27
2018-08-01,77.9,-0.13,0.01,-0.3,-0.17,-0.74
2018-08-02,77.63,0.67,0.22,-0.73,-0.03,-0.57
2018-08-03,77.93,0.31,-0.92,0.56,0.63,0.37
2018-08-06,77.87,0.46,0.23,-0.33,-0.29,-0.22
2018-08-07,78.38,0.29,-0.05,-0.14,-0.33,-0.12
2018-08-08,76.91,-0.04,-0.13,0.22,-0.07,-0.06
2018-08-09,78.04,-0.05,0.34,-0.32,0.06,-0.26
2018-08-10,76.73,-0.6,0.34,-0.23,-0.27,0.25
2018-08-13,77.17,-0.46,-0.22,-0.31,0.32,-0.01
2018-08-14,77.31,0.69,0.31,0.23,0.36,0.2
2018-08-15,74.84,-0.91,-0.53,-0.11,0.66,-0.11
2018-08-16,75.59,0.86,-0.04,0.27,-0.08,0.4
2018-08-17,72.92,0.3,0.12,0.04,0.19,0.15
2018-08-20,72.36,0.25,0.15,0.18,0.09,0.15
2018-08-21,73.32,0.33,0.9,0.14,-0.21,-0.22
2018-08-22,73.82,0.05,0.3,-0.46,-0.51,-0.29
2018-08-23,73.34,-0.19,-0.1,-0.32,0.0,-0.17
2018-08-24,73.59,0.62,-0.1,-0.51,-0.32,-0.19
2018-08-27,74.82,0.74,-0.62,-0.11,-0.2,-0.35
2018-08-28,74.93,-0.01,-0.13,-0.29,0.12,-0.05
2018-08-29,75.62,0.56,-0.14,-0.59,-0.15,-0.3
2018-08-30,76.29,-0.41,0.23,-0.43,-0.24,-0.12
2018-08-31,75.73,0.08,0.45,-0.43,0.18,-0.14
2018-09-04,74.29,-0.11,-0.32,-0.08,-0.01,-0.16
2018-09-05,74.53,-0.41,-0.04,0.7,0.45,0.57
2018-09-06,72.88,-0.44,-0.39,-0.12,0.43,0.33
2018-09-07,72.22,-0.18,0.07,-0.21,0.02,0.02
2018-09-10,72.51,0.23,0.07,-0.33,0.04,-0.25
2018-09-11,72.23,0.37,-0.33,-0.21,-0.11,-0.38
2018-09-12,73.97,0.03,-0.13,-0.06,0.03,0.54
2018-09-13,74.12,0.45,-0.49,-0.36,0.08,-0.03
2018-09-14,73.38,0.12,0.31,0.25,-0.12,-0.03
2018-09-17,72.78,-0.71,-0.36,0.92,0.29,0.73
2018-09-18,73.67,0.57,0.03,-0.53,-0.25,-0.23
2018-09-19,73.88,0.06,-0.5,1.17,-0.49,-0.03
2018-09-20,74.83,0.77,0.28,-0.18,0.02,-0.08
2018-09-21,75.51,-0.13,-0.43,0.39,0.22,0.66
2018-09-24,75.62,-0.31,-0.06,-0.88,-0.42,-0.28
2018-09-25,74.99,-0.05,0.21,-0.44,-0.33,-0.07
2018-09-26,75.65,-0.4,-0.48,-0.59,0.51,0.1
2018-09-27,76.58,0.27,-0.34,-0.57,0.1,-0.34
2018-09-28,77.21,-0.03,0.35,-0.19,0.13,0.18
2018-10-01,77.96,0.16,-1.62,0.38,-0.16,0.06
2018-10-02,78.67,-0.21,-0.95,0.67,0.11,0.36
2018-10-03,79.0,0.2,0.91,0.43,-0.36,-0.21
2018-10-04,76.56,-0.93,-0.81,1.55,0.12,0.76
2018-10-05,76.24,-0.64,-0.38,0.4,-0.37,0.41
2018-10-08,76.4,-0.17,-0.23,1.19,0.49,0.64
2018-10-09,76.54,-0.18,-0.39,0.17,-0.49,0.2
2018-10-10,74.78,-3.33,0.4,1.15,0.23,0.78
2018-10-11,72.5,-1.96,0.35,-0.88,0.42,-0.57
2018-10-12,73.59,1.38,-1.11,-1.69,0.07,-0.48
2018-10-15,72.78,-0.48,0.99,0.47,0.38,0.5
2018-10-16,76.31,2.24,0.56,-1.46,-0.19,-0.68
2018-10-17,75.62,-0.08,-0.6,0.19,-0.26,0.14
2018-10-18,74.17,-1.54,-0.54,0.53,-0.4,0.35
2018-10-19,73.27,-0.25,-1.25,0.8,0.39,0.55
2018-10-22,72.34,-0.38,0.33,-1.19,1.09,-0.18
2018-10-23,71.67,-0.62,-0.21,-0.33,0.14,-0.11
2018-10-24,68.01,-3.33,-0.81,0.64,0.3,1.26
2018-10-25,68.62,1.93,0.32,-0.73,-0.15,-1.08
2018-10-26,69.74,-1.65,0.57,0.37,-0.36,0.51
2018-10-29,70.9,-0.77,-0.08,1.64,-0.05,0.98
2018-10-30,72.04,1.66,0.44,0.1,0.36,0.36
2018-10-31,68.18,1.22,-0.72,-0.69,-0.32,-0.94
2018-11-01,70.31,1.29,1.19,-1.11,-0.2,-0.51
2018-11-02,69.44,-0.53,0.86,0.64,-0.41,0.23
2018-11-05,69.58,0.4,-0.88,1.56,-0.52,0.77
2018-11-06,70.35,0.58,-0.15,0.03,0.29,0.18
2018-11-07,72.48,2.11,-0.49,-1.02,-0.35,-0.77
2018-11-08,71.88,-0.28,-0.14,0.23,0.43,0.3
2018-11-09,71.18,-1.04,-0.85,0.39,0.56,0.72
2018-11-12,70.49,-2.06,0.08,0.98,0.5,0.89
2018-11-13,70.92,-0.13,-0.07,0.07,0.21,-0.31
2018-11-14,70.55,-0.77,0.02,-0.19,0.54,0.13
2018-11-15,69.78,1.18,0.32,-0.56,-0.79,-0.69
2018-11-16,69.2,0.15,-0.03,-0.01,-0.78,0.18
2018-11-19,68.01,-1.88,-0.34,2.33,0.13,1.24
2018-11-20,67.57,-1.85,0.0,-0.62,-0.33,-0.28
2018-11-21,66.74,0.51,0.95,-0.29,-0.36,0.0
2018-11-23,66.59,-0.55,0.74,-0.57,0.31,-0.05
2018-11-26,66.94,1.62,-0.71,-0.18,-0.45,-0.74
2018-11-27,67.44,0.11,-1.05,0.29,0.6,0.11
2018-11-28,69.19,2.42,0.32,-1.27,0.12,-0.94
2018-11-29,69.69,-0.22,-0.21,-0.18,-0.4,0.03
2018-11-30,71.94,0.78,-0.38,-0.38,0.25,-0.24
2018-12-03,70.86,1.13,-0.12,-0.7,-0.3,-0.58
2018-12-04,69.55,-3.45,-1.04,-0.1,-0.16,0.91
2018-12-06,70.19,-0.16,-0.07,-1.0,0.15,-0.3
2018-12-07,68.15,-2.36,0.27,1.29,-0.5,0.61
2018-12-10,67.49,0.1,-0.42,-1.57,0.33,-0.3
2018-12-11,67.72,-0.08,-0.17,-0.34,0.13,-0.07
2018-12-12,68.14,0.68,0.49,-0.13,-0.23,-0.11
2018-12-13,67.35,-0.26,-1.54,-0.17,0.18,0.03
2018-12-14,65.57,-1.89,0.07,0.6,-0.24,0.6
2018-12-17,65.12,-2.13,-0.13,0.99,0.28,0.22
2018-12-18,64.84,-0.03,-0.06,-0.56,0.92,-0.48
2018-12-19,64.2,-1.58,-0.61,0.18,-0.37,0.42
2018-12-20,64.3,-1.62,-0.12,0.78,0.57,-0.06
2018-12-21,62.62,-2.17,-0.54,0.83,0.11,0.66
2018-12-24,60.54,-2.55,0.9,-0.45,-0.39,-0.36
2018-12-26,63.22,5.06,-0.16,-1.07,-0.18,-1.07
2018-12-27,62.94,0.78,-0.71,-0.09,-0.12,0.1
2018-12-28,61.88,-0.03,0.73,0.24,-0.35,-0.07
2018-12-31,62.55,0.9,-0.13,-0.47,-0.08,-0.12
2019-01-02,63.44,0.23,0.73,1.15,-0.13,0.26
2019-01-03,65.25,-2.45,0.52,1.23,-0.25,0.91
2019-01-04,68.25,3.55,0.39,-0.74,-0.09,-0.58
2019-01-07,68.56,0.94,0.82,-0.67,-0.7,-0.41
2019-01-08,68.09,1.01,0.44,-0.53,0.35,-0.09
2019-01-09,67.94,0.56,0.51,-0.04,0.09,-0.18
2019-01-10,68.04,0.42,-0.02,-0.41,-0.07,-0.04
2019-01-11,68.16,-0.01,0.2,0.29,0.23,0.25
2019-01-14,67.25,-0.6,-0.46,0.88,0.19,0.0
2019-01-15,68.52,1.06,-0.13,-0.88,-0.3,-0.57
2019-01-16,67.64,0.28,0.27,0.83,-0.12,-0.25
2019-01-17,68.65,0.75,0.08,-0.19,0.08,-0.01
2019-01-18,69.18,1.29,-0.27,0.11,0.18,-0.25
2019-01-22,68.55,-1.53,-0.35,0.3,0.25,0.33
2019-01-23,68.25,0.15,-0.42,-0.13,0.36,0.28
2019-01-24,67.86,0.23,0.48,-0.1,-0.09,-0.2
2019-01-25,68.9,0.9,0.41,-0.37,-0.37,-0.57
2019-01-28,67.91,-0.8,-0.08,0.65,0.29,0.18
2019-01-29,69.59,-0.19,0.02,0.17,0.02,0.49
2019-01-30,69.83,1.51,-0.31,-1.06,-0.2,-0.88
2019-01-31,70.01,0.92,-0.04,-1.08,-0.35,-0.02
2019-02-01,70.05,0.14,-0.16,0.34,-0.75,0.3
2019-02-04,70.05,0.72,0.42,-0.57,0.21,-0.21
2019-02-05,67.68,0.43,-0.13,-0.56,0.59,-0.34
2019-02-06,68.75,-0.22,-0.02,0.01,-0.06,0.06
2019-02-07,67.28,-0.93,-0.14,0.41,0.55,0.3
2019-02-08,67.47,0.09,-0.08,-0.67,-0.33,-0.11
2019-02-11,67.62,0.14,0.66,0.2,-0.09,-0.02
2019-02-12,65.4,1.36,0.05,-0.24,-0.08,-0.24
2019-02-13,65.94,0.28,0.08,0.05,0.11,0.2
2019-02-14,66.37,-0.21,0.52,-0.55,0.38,-0.16
2019-02-15,67.59,1.13,0.37,0.53,-0.21,0.02
2019-02-19,66.76,0.19,0.3,0.32,-0.01,0.22
2019-02-20,66.98,0.19,0.3,0.59,0.02,-0.25
2019-02-21,65.55,-0.37,-0.03,-0.25,0.6,0.1
2019-02-22,65.74,0.65,0.38,-1.37,0.32,-0.62
2019-02-25,65.35,0.15,-0.23,-0.2,-0.77,-0.51
2019-02-26,65.28,-0.16,-0.68,-0.3,0.08,-0.15
2019-02-27,65.57,0.09,0.16,-0.15,-0.65,-0.11
2019-02-28,65.02,-0.31,-0.03,-0.28,0.3,0.15
2019-03-01,66.01,0.72,0.26,-0.48,-0.34,-0.19
2019-03-04,65.45,-0.52,-0.39,0.32,0.12,-0.08
2019-03-05,64.39,-0.17,-0.33,-0.22,0.27,-0.03
2019-03-06,62.92,-0.84,-1.24,0.09,0.54,0.12
2019-03-07,62.53,-0.82,-0.05,-0.27,-0.35,0.14
2019-03-08,63.23,-0.22,0.06,-0.13,-0.09,-0.28
2019-03-11,64.34,1.49,0.26,-0.49,-0.29,-0.46
2019-03-12,64.83,0.25,-0.31,-0.04,-0.42,0.01
2019-03-13,65.75,0.68,-0.32,0.01,-0.17,0.16
2019-03-14,64.79,-0.1,-0.37,0.23,-0.15,-0.12
2019-03-15,65.63,0.48,-0.26,-0.28,-0.04,-0.21
2019-03-18,65.02,0.46,0.22,0.34,-0.07,-0.08
2019-03-19,65.49,-0.09,-0.46,-0.89,0.04,-0.08
2019-03-20,64.6,-0.39,-0.22,-0.99,-0.16,-0.26
2019-03-21,64.92,1.11,0.16,-1.12,0.36,-0.33
2019-03-22,63.77,-2.17,-1.58,0.07,0.55,0.58
2019-03-25,63.79,-0.05,0.6,-0.29,0.2,0.04
2019-03-26,64.24,0.76,0.23,0.43,0.02,0.19
2019-03-27,63.66,-0.5,0.16,0.51,0.76,0.1
2019-03-28,63.69,0.4,0.37,-0.1,-0.12,-0.08
2019-03-29,65.01,0.66,-0.28,-0.84,0.25,-0.17
2019-04-01,65.88,1.19,-0.2,0.96,-0.08,-0.29
2019-04-02,66.24,-0.05,-0.18,-0.41,-0.39,-0.49
2019-04-03,66.66,0.27,0.22,-0.37,0.14,-0.4
2019-04-04,66.84,0.19,0.35,0.95,0.61,0.27
2019-04-05,67.54,0.52,0.49,-0.02,-0.28,0.11
2019-04-08,67.38,0.08,-0.31,0.12,0.29,-0.03
2019-04-09,66.09,-0.65,-0.61,-0.08,0.15,-0.03
2019-04-10,67.4,0.48,0.92,-0.06,0.08,-0.13
2019-04-11,66.31,0.0,-0.28,0.43,0.03,0.13
2019-04-12,65.28,0.65,-0.36,0.69,0.51,-0.23
2019-04-15,65.43,-0.09,-0.25,-0.59,0.36,0.08
2019-04-16,64.54,0.13,0.24,0.63,-0.12,-0.14
2019-04-17,63.25,-0.32,-0.53,0.78,1.1,-0.26
2019-04-18,62.95,0.11,-0.27,-0.47,0.17,-0.19
2019-04-22,61.87,0.11,-0.47,-0.56,-0.53,-0.18
2019-04-23,63.04,0.97,0.65,-0.58,-0.06,-0.43
2019-04-24,62.8,-0.23,0.33,-0.22,0.64,0.06
2019-04-25,64.14,-0.14,-0.78,-0.26,-0.61,-0.31
2019-04-26,65.15,0.53,0.49,0.05,-0.05,-0.18
2019-04-29,64.92,0.18,0.17,0.61,-0.37,-0.17
2019-04-30,65.04,-0.04,-0.67,0.25,0.09,0.7
2019-05-01,64.87,-0.83,-0.08,-0.06,0.37,-0.03
2019-05-02,65.3,-0.16,0.48,-0.49,0.08,0.06
2019-05-03,67.13,1.13,0.94,-0.27,0.01,-0.36
2019-05-06,67.69,-0.39,0.59,-0.45,0.01,0.05
2019-05-07,66.4,-1.69,-0.27,0.53,0.01,0.31
2019-05-08,66.07,-0.21,-0.2,-0.3,-0.03,0.17
2019-05-09,66.13,-0.28,0.07,0.09,-0.36,0.02
2019-05-10,65.57,0.35,-0.32,0.11,-0.13,0.25
2019-05-13,64.17,-2.67,-0.66,0.36,0.24,0.82
2019-05-14,65.08,0.93,0.34,-0.03,-0.52,-0.02
2019-05-15,65.3,0.58,-0.09,-0.94,0.14,-0.27
2019-05-16,65.78,0.91,-0.45,-0.24,-0.14,-0.23
2019-05-17,66.36,-0.73,-0.76,0.35,0.09,0.31
2019-05-20,65.86,-0.65,-0.09,0.79,0.09,0.44
2019-05-21,66.52,0.9,0.42,-0.34,-0.14,-0.16
2019-05-22,66.5,-0.4,-0.62,-0.63,-0.14,0.19
2019-05-23,67.17,-1.37,-0.72,-0.23,0.32,0.23
2019-05-24,66.89,0.23,0.52,0.29,-0.47,-0.04
2019-05-28,63.97,-0.78,0.2,-0.6,-0.02,-0.27
2019-05-29,63.37,-0.71,-0.22,0.44,-0.2,0.03
2019-05-30,63.34,0.14,-0.38,-0.78,0.35,-0.06
2019-05-31,62.25,-1.37,-0.2,-0.21,0.03,0.39
2019-06-03,63.63,-0.4,0.6,1.44,0.28,1.45
2019-06-04,64.32,2.33,0.49,-0.17,0.29,-0.47
2019-06-05,64.44,0.69,-1.07,-0.91,0.11,-0.23
2019-06-06,63.73,0.55,-1.07,-0.01,0.05,-0.07
2019-06-07,65.35,1.04,-0.16,-1.15,0.38,-0.64
2019-06-10,66.12,0.53,0.02,-0.07,0.43,-0.36
2019-06-11,66.1,-0.12,-0.21,0.59,0.43,0.19
2019-06-12,66.78,-0.2,0.28,-0.89,0.08,0.08
2019-06-13,66.99,0.52,0.68,-0.01,-0.13,-0.05
2019-06-14,66.36,-0.27,-0.71,0.3,0.24,0.15
2019-06-17,67.1,0.15,0.48,-1.08,-0.67,-0.44
2019-06-18,68.2,1.04,0.21,0.19,-0.27,-0.19
2019-06-19,68.26,0.32,0.02,-0.59,-0.19,0.14
2019-06-20,68.57,0.89,-0.39,-0.23,-0.13,-0.09
2019-06-21,69.38,-0.21,-0.45,-0.07,-0.11,0.03
2019-06-24,68.84,-0.34,-0.91,0.15,0.6,-0.02
2019-06-25,68.48,-0.98,0.42,0.74,-0.09,0.62
2019-06-26,66.68,-0.06,0.0,0.22,0.37,-0.39
2019-06-27,67.08,0.6,1.43,-0.09,-0.32,-0.24
2019-06-28,67.56,0.68,0.76,0.61,-0.49,0.12
2019-07-01,67.83,0.75,-0.59,-0.18,-0.13,0.03
2019-07-02,68.84,0.14,-0.97,-0.79,-0.02,0.04
2019-07-03,69.0,0.78,-0.15,-0.31,-0.33,-0.05
2019-07-05,68.53,-0.1,0.33,0.89,0.1,-0.06
2019-07-08,67.48,-0.58,-0.43,0.03,0.03,-0.25
2019-07-09,67.75,0.18,-0.24,-0.53,-0.63,-0.26
2019-07-10,67.46,0.4,-0.27,-0.39,0.11,-0.03
2019-07-11,66.19,0.19,-0.78,0.03,-0.23,-0.54
2019-07-12,66.26,0.53,0.33,0.44,0.57,-0.07
2019-07-15,68.07,-0.04,-0.51,-0.99,0.14,0.25
2019-07-16,66.94,-0.32,0.39,0.15,0.48,-0.04
2019-07-17,66.92,-0.64,-0.27,-0.68,-0.5,-0.23
2019-07-18,67.21,0.35,-0.29,-0.03,-0.31,0.39
2019-07-19,65.04,-0.56,0.29,0.89,0.36,0.16
2019-07-22,64.91,0.25,-0.54,-0.5,-0.19,0.01
2019-07-23,66.4,0.65,-0.04,0.82,0.66,0.35
2019-07-24,66.64,0.66,0.92,0.83,-0.08,-0.06
2019-07-25,66.32,-0.63,-0.7,-0.21,0.23,0.13
2019-07-26,66.92,0.82,0.32,-0.21,-0.64,-0.32
2019-07-29,67.87,-0.32,-0.32,-0.46,0.35,0.41
2019-07-30,67.09,-0.17,1.38,0.85,-0.24,0.08
2019-07-31,65.52,-1.09,0.25,0.53,0.14,0.47
2019-08-01,65.47,-1.04,-0.8,-1.94,-0.42,-0.21
2019-08-02,64.95,-0.87,-0.26,0.04,0.13,0.21
2019-08-05,63.36,-3.07,0.05,-0.02,-0.13,0.27
2019-08-06,63.98,1.29,-0.57,-0.56,-0.31,-0.23
2019-08-07,63.88,0.07,-0.12,-0.87,0.16,-0.17
2019-08-08,64.82,1.97,-0.01,-0.29,0.2,-0.39
2019-08-09,65.24,-0.78,-0.48,-0.37,-0.53,-0.06
2019-08-12,63.98,-1.32,0.2,-0.28,0.08,0.22
2019-08-13,64.3,1.47,-0.34,-0.54,0.34,-0.02
2019-08-14,63.12,-2.95,0.02,-0.53,-0.39,-0.01
2019-08-15,62.87,0.16,-0.7,-0.58,-0.11,-0.49
2019-08-16,63.14,1.55,0.66,0.66,0.19,-0.04
2019-08-19,64.11,1.14,0.02,0.29,0.43,0.04
2019-08-20,63.44,-0.75,0.18,-0.51,0.1,-0.23
2019-08-21,64.13,0.85,-0.03,-0.32,-0.04,-0.05
2019-08-22,64.22,-0.1,-0.37,0.52,0.2,0.27
2019-08-23,62.51,-2.66,-0.61,-0.21,-0.65,-0.29
2019-08-26,63.0,1.08,-0.04,-0.21,0.17,-0.13
2019-08-27,63.31,-0.46,-0.99,-0.68,0.26,0.1
2019-08-28,63.64,0.68,0.64,0.62,0.42,0.2
2019-08-29,63.75,1.35,0.41,0.34,0.19,-0.13
2019-08-30,63.54,0.03,-0.25,0.26,0.1,0.11
2019-09-03,62.97,-0.86,-0.93,0.09,-0.19,0.46
2019-09-04,63.27,1.08,-0.14,0.43,0.25,-0.05
2019-09-05,64.06,1.42,0.55,0.7,0.5,0.0
2019-09-06,64.82,-0.02,-0.34,0.06,0.19,0.44
2019-09-09,66.33,0.08,1.35,3.08,0.84,0.45
2019-09-10,67.08,0.17,1.38,1.22,-0.11,0.6
2019-09-11,68.08,0.88,1.36,-0.01,-0.2,0.33
2019-09-12,66.36,0.22,-0.38,-0.22,-0.21,-0.12
2019-09-13,66.52,-0.01,0.18,0.76,-0.06,-0.09
2019-09-16,65.88,-0.23,0.92,0.5,-0.28,0.04
2019-09-17,66.17,0.17,-0.81,-1.23,-0.22,-0.36
2019-09-18,65.72,-0.05,-0.75,0.02,-0.1,0.1
2019-09-19,65.96,-0.05,-0.48,-0.46,0.06,-0.12
2019-09-20,66.42,-0.48,0.32,0.14,-0.56,0.01
2019-09-23,65.73,-0.02,-0.12,0.52,0.25,0.31
2019-09-24,64.56,-1.01,-0.75,-0.02,0.2,0.5
2019-09-25,64.2,0.69,0.41,0.56,0.44,0.05
2019-09-26,63.3,-0.41,-0.98,0.11,0.33,0.35
2019-09-27,62.9,-0.62,-0.18,0.88,0.2,0.61
2019-09-30,63.38,0.5,-0.24,-0.49,0.63,0.0
2019-10-01,63.22,-1.31,-0.66,-0.62,0.1,-0.17
2019-10-02,61.62,-1.73,0.74,-0.4,-0.49,-0.23
2019-10-03,62.23,0.8,-0.38,-0.91,-0.2,-0.22
2019-10-04,62.56,1.39,-0.52,-0.1,-0.01,0.05
2019-10-07,62.73,-0.41,0.14,-0.06,-0.09,-0.29
2019-10-08,61.69,-1.61,-0.16,-0.1,0.42,0.1
2019-10-09,61.98,0.92,-0.56,-0.1,0.12,-0.14
2019-10-10,63.26,0.6,-0.25,0.29,0.14,-0.07
2019-10-11,63.99,1.23,0.6,0.21,0.43,0.22
2019-10-14,64.51,-0.18,-0.35,-0.05,-0.21,-0.12
2019-10-15,65.3,1.03,0.26,-0.24,-0.22,-0.7
2019-10-16,65.35,-0.24,0.48,0.19,0.38,0.25
2019-10-17,65.23,0.37,0.79,-0.28,0.15,-0.1
2019-10-18,64.91,-0.49,-0.15,0.89,-0.01,0.41
2019-10-21,65.21,0.71,0.32,0.34,0.05,0.02
2019-10-22,65.86,-0.34,0.5,0.91,0.43,0.35
2019-10-23,66.58,0.25,-0.11,0.24,-0.03,0.07
2019-10-24,66.0,0.25,-0.52,-0.92,-0.13,-0.62
2019-10-25,63.32,0.5,0.41,0.12,0.35,-0.01
2019-10-28,63.73,0.62,0.26,-0.22,-0.05,0.0
2019-10-29,63.45,-0.13,0.39,0.42,0.01,0.11
2019-10-30,63.15,0.27,-0.67,-1.2,-0.49,0.03
2019-10-31,63.71,-0.38,-0.33,-0.41,-0.2,0.15
2019-11-01,64.66,1.08,0.6,0.85,-0.21,0.11
2019-11-04,65.21,0.4,0.34,1.46,0.62,0.11
2019-11-05,65.39,-0.03,0.4,0.48,0.0,-0.01
2019-11-06,65.41,-0.05,-0.79,0.15,-0.16,0.28
2019-11-07,63.96,0.38,0.02,0.56,0.2,-0.12
2019-11-08,65.38,0.31,0.02,-0.36,-0.13,0.06
2019-11-11,64.64,-0.19,-0.09,-0.22,-0.08,-0.05
2019-11-12,64.32,0.16,-0.18,-0.13,-0.13,-0.18
2019-11-13,63.33,0.01,-0.41,-0.82,-0.27,-0.02
2019-11-14,63.81,0.07,-0.16,-0.26,0.11,-0.37
2019-11-15,65.07,0.74,-0.25,-0.37,0.01,0.03
2019-11-18,64.29,0.02,-0.37,-0.52,-0.06,-0.32
2019-11-19,65.0,0.02,0.36,-1.01,-0.86,-0.25
2019-11-20,64.88,-0.33,-0.14,-0.44,-0.6,-0.32
2019-11-21,65.73,-0.14,-0.29,0.15,0.08,-0.09
2019-11-22,65.26,0.24,0.15,0.25,0.15,0.05
2019-11-25,67.22,0.92,1.25,-0.39,0.12,0.04
2019-11-26,67.28,0.19,-0.1,-0.81,0.24,-0.15
2019-11-27,67.12,0.44,0.21,-0.05,0.01,-0.02
2019-11-29,67.24,-0.42,-0.12,-0.33,-0.48,0.01
2019-12-02,66.12,-0.87,-0.12,0.43,0.15,0.17
2019-12-03,66.07,-0.66,0.41,-0.81,-0.5,-0.53
2019-12-04,66.75,0.6,0.21,0.19,0.17,0.06
2019-12-05,65.93,0.13,-0.16,0.51,0.28,0.37
2019-12-06,67.08,0.91,0.38,0.43,0.34,0.25
2019-12-09,66.93,-0.33,0.31,0.12,-0.14,-0.25
2019-12-10,67.08,-0.08,0.28,-0.08,-0.19,0.07
2019-12-11,67.78,0.28,-0.1,0.1,0.32,0.14
2019-12-12,67.63,0.9,0.15,1.15,0.11,0.22
2019-12-13,65.77,-0.03,-0.49,-0.54,-0.29,-0.21
2019-12-16,66.12,0.74,0.01,-0.07,-0.33,0.15
2019-12-17,66.2,0.1,0.5,0.68,0.13,-0.05
2019-12-18,65.68,-0.05,0.27,0.13,0.27,-0.02
2019-12-19,65.29,0.43,-0.13,-0.43,-0.21,-0.03
2019-12-20,66.85,0.48,-0.27,-0.29,0.03,-0.06
2019-12-23,66.75,0.1,0.16,-0.28,-0.12,0.31
2019-12-24,66.72,0.01,0.36,-0.07,-0.28,0.02
2019-12-26,66.39,0.49,-0.56,0.0,0.23,-0.19
2019-12-27,65.95,-0.09,-0.54,-0.07,0.24,0.16
2019-12-30,64.93,-0.57,0.27,0.58,0.15,0.45
2019-12-31,64.98,0.28,0.01,0.14,-0.11,0.2
2020-01-02,65.23,0.86,-0.95,-0.35,0.18,-0.23
2020-01-03,65.07,-0.67,0.28,0.0,-0.18,-0.15
2020-01-06,65.65,0.36,-0.22,-0.5,-0.17,-0.32
2020-01-07,65.12,-0.19,-0.04,-0.18,-0.1,-0.3
2020-01-08,65.8,0.47,-0.17,-0.64,-0.16,-0.12
2020-01-09,65.84,0.65,-0.71,-0.5,-0.14,0.06
2020-01-10,65.03,-0.34,-0.25,-0.36,0.04,-0.09
2020-01-13,64.31,0.73,-0.08,-0.1,0.3,0.28
2020-01-14,64.2,-0.06,0.46,-0.12,-0.29,-0.08
2020-01-15,64.1,0.16,0.25,-0.79,-0.07,-0.23
2020-01-16,63.2,0.88,0.5,-0.11,0.04,-0.07
2020-01-17,62.98,0.28,-0.62,-0.12,0.27,0.02
2020-01-21,62.63,-0.32,-0.67,-0.63,-0.09,-0.33
2020-01-22,63.43,0.08,-0.25,0.01,-0.23,0.0
2020-01-23,63.94,0.08,-0.07,-0.16,0.26,-0.05
2020-01-24,63.15,-0.97,-0.48,-0.34,0.16,-0.04
2020-01-27,63.83,-1.56,0.27,-0.48,-0.59,0.05
2020-01-28,64.36,1.02,-0.15,-0.42,0.17,-0.1
2020-01-29,64.3,-0.1,-0.44,-0.95,0.25,0.19
2020-01-30,64.03,0.34,-0.64,0.67,-0.39,-0.11
2020-01-31,63.2,-1.74,-0.52,-0.34,-0.54,-0.69
2020-02-03,66.36,0.84,0.35,-0.71,-0.74,-0.36
2020-02-04,67.4,1.57,-0.13,-0.67,0.33,-0.13
2020-02-05,65.87,0.97,0.74,1.53,0.98,0.65
2020-02-06,68.21,0.27,-0.6,-0.85,-0.06,-0.36
2020-02-07,68.87,-0.55,-0.82,-0.09,-0.19,-0.53
2020-02-10,68.99,0.73,-0.18,-0.89,-0.12,-0.4
2020-02-11,67.76,0.28,0.33,1.11,0.32,0.22
2020-02-12,66.95,0.66,0.15,-0.32,0.23,-0.01
2020-02-13,66.8,-0.09,0.13,-0.05,-0.15,-0.41
2020-02-14,67.56,0.15,-0.56,-0.71,-0.26,-0.28
2020-02-18,67.01,-0.19,-0.03,-0.67,-0.49,-0.66
2020-02-19,67.35,0.6,0.22,-0.06,0.12,-0.33
2020-02-20,67.0,-0.35,0.6,0.64,0.06,-0.14
2020-02-21,69.7,-1.12,-0.03,0.04,-0.18,0.36
2020-02-24,72.9,-3.38,0.15,-0.04,-0.37,0.2
2020-02-25,70.1,-3.09,-0.34,-0.72,-0.63,0.03
2020-02-26,74.7,-0.52,-0.79,-1.26,-0.52,-0.12
2020-02-27,72.66,-4.22,0.69,0.14,-0.35,-0.09
2020-02-28,69.36,-0.78,0.06,-0.78,0.33,-0.41
2020-03-02,75.4,4.31,-1.96,-0.44,-0.55,0.55
2020-03-03,74.21,-2.79,0.64,-0.62,-0.52,0.22
2020-03-04,76.01,4.02,-1.2,-1.08,0.12,0.23
2020-03-05,76.13,-3.38,-0.19,-1.3,-0.91,0.13
2020-03-06,80.22,-1.78,-0.22,-1.35,0.73,0.35
2020-03-09,73.52,-7.79,-1.42,-4.7,0.09,0.47
2020-03-10,72.34,4.74,-2.37,0.74,0.48,0.09
2020-03-11,73.7,-5.05,-1.05,-0.89,0.06,0.09
2020-03-12,68.58,-9.63,-1.13,-1.3,-0.31,-0.24
2020-03-13,70.75,8.96,-2.03,3.07,1.26,0.83
2020-03-16,68.9,-12.0,-0.91,-0.79,0.53,1.21
2020-03-17,74.52,5.87,0.36,-1.02,-0.52,-0.07
2020-03-18,79.42,-5.56,-4.59,-4.72,0.25,0.21
2020-03-19,78.55,1.31,5.75,0.89,-1.67,-1.58
2020-03-20,73.26,-4.15,0.31,-0.98,-0.74,-1.19
2020-03-23,72.61,-2.56,1.6,-3.38,0.31,-1.21
2020-03-24,73.96,9.34,-0.16,2.46,0.48,0.21
2020-03-25,69.66,1.18,-0.13,1.94,-0.05,0.13
2020-03-26,73.86,6.02,-0.43,1.13,-0.56,0.04
2020-03-27,72.85,-3.47,-1.06,-0.72,-1.12,0.83
2020-03-30,75.93,3.16,-0.82,-2.18,-0.17,0.18
2020-03-31,74.76,-1.44,1.51,-0.43,0.39,-0.13
2020-04-01,72.51,-1.44,1.51,-0.43,0.39,-0.13
2020-04-02,76.98,-1.44,1.51,-0.43,0.39,-0.13
2020-04-03,78.21,-1.44,1.51,-0.43,0.39,-0.13
2020-04-06,77.73,-1.44,1.51,-0.43,0.39,-0.13
2020-04-07,74.67,-1.44,1.51,-0.43,0.39,-0.13
2020-04-08,74.99,-1.44,1.51,-0.43,0.39,-0.13
2020-04-09,73.51,-1.44,1.51,-0.43,0.39,-0.13
2020-04-13,75.28,-1.44,1.51,-0.43,0.39,-0.13
2020-04-14,77.75,-1.44,1.51,-0.43,0.39,-0.13
2020-04-15,74.63,-1.44,1.51,-0.43,0.39,-0.13
2020-04-16,76.54,-1.44,1.51,-0.43,0.39,-0.13
2020-04-17,83.99,-1.44,1.51,-0.43,0.39,-0.13
2020-04-20,81.26,-1.44,1.51,-0.43,0.39,-0.13
2020-04-21,78.53,-1.44,1.51,-0.43,0.39,-0.13
2020-04-22,81.31,-1.44,1.51,-0.43,0.39,-0.13
2020-04-23,77.78,-1.44,1.51,-0.43,0.39,-0.13
2020-04-24,79.64,-1.44,1.51,-0.43,0.39,-0.13
2020-04-27,79.9,-1.44,1.51,-0.43,0.39,-0.13
2020-04-28,78.67,-1.44,1.51,-0.43,0.39,-0.13
2020-04-29,83.14,-1.44,1.51,-0.43,0.39,-0.13
2020-04-30,84.0,-1.44,1.51,-0.43,0.39,-0.13
2020-05-01,79.95,-1.44,1.51,-0.43,0.39,-0.13
2020-05-04,80.25,-1.44,1.51,-0.43,0.39,-0.13
2020-05-05,79.14,-1.44,1.51,-0.43,0.39,-0.13
2020-05-06,77.47,-1.44,1.51,-0.43,0.39,-0.13
2020-05-07,77.61,-1.44,1.51,-0.43,0.39,-0.13
2020-05-08,77.49,-1.44,1.51,-0.43,0.39,-0.13
2020-05-11,80.8,-1.44,1.51,-0.43,0.39,-0.13
2020-05-12,77.95,-1.44,1.51,-0.43,0.39,-0.13
